auction_name,city,district,region,start_time,end_time,start_price,highest_bid,area,property_type,bids_count,total_sales,area_log,price_per_sqm,start_month,start_dayofweek,start_hour,start_quarter,start_year,duration_hours
مزاد درر الرياض,الرياض,السلي,الرياض,2026-03-30 07:00:00,2026-04-01 14:54:00,3750000.0,4850000.0,1925.0,industrialWorkshop,100,6970000.0,7.563200592358071,1948.051948051948,3,0,7,1,2026,55.9
واحة الخرج,الخرج,المنتزه,الرياض,2026-03-30 10:00:00,2026-04-01 14:39:42,2500000.0,3990000.0,1200.0,market,100,3990000.0,7.0909098220799835,2083.3333333333335,3,0,10,1,2026,52.66166666666667
مزاد مبارك,مكة المكرمة,الزاهر,مكة المكرمة,2026-03-30 08:00:00,2026-04-01 14:00:00,760000.0,760000.0,493.54,land,0,10636000.0,6.203628037579029,1539.895449203712,3,0,8,1,2026,54.0
مـزاد روائع الدمام,الدمام,الخزامي,الشرقية,2026-03-29 10:00:00,2026-03-31 17:05:48,468000.0,495000.0,2500.0,land,7,4200000.0,7.824445930877619,187.2,3,6,10,1,2026,55.096666666666664
مزاد مداهيل,الرياض,طويق,الرياض,2026-03-29 07:00:00,2026-03-31 14:30:00,715000.0,715000.0,193.16,floor,0,13280000.0,5.268682561418346,3701.5945330296126,3,6,7,1,2026,55.5
مزاد منازل الرياض,الرياض,حي الرمال,الرياض,2026-03-11 09:13:00,2026-03-15 19:30:00,6200000.0,6200000.0,2584.1,rest,0,5205000.0,7.8575194709138305,2399.287953252583,3,2,9,1,2026,106.28333333333333
بشرى تبوك,تبوك,التنظيم,تبوك,2026-03-06 11:00:00,2026-03-10 20:03:43,441000.0,465000.0,840.0,land,7,11055000.0,6.734591659972948,525.0,3,4,11,1,2026,105.06194444444445
درر القيروان,الرياض,حي القيروان,الرياض,2026-03-01 10:00:00,2026-03-02 19:34:03,3090000.0,3740000.0,625.0,land,14,7280000.0,6.439350371100098,4944.0,3,6,10,1,2026,33.5675
مـزاد نخب الشمال,طبرجل,-,الجوف,2026-02-26 10:00:00,2026-03-01 20:13:52,319000.0,643000.0,391.0,building,76,1077500.0,5.971261839790462,815.8567774936062,2,3,10,1,2026,82.2311111111111
ديار الجوار,مكة المكرمة,حاره بيشة,مكة المكرمة,2026-02-23 07:00:00,2026-02-26 20:57:00,396000.0,396000.0,157.31,land,0,8612000.0,5.064555136085686,2517.3224842667346,2,0,7,1,2026,85.95
مزن مكة,مكة المكرمة,الامير احمد بالرصيفة,مكة المكرمة,2026-02-23 09:00:00,2026-02-25 20:15:00,6900000.0,6900000.0,750.0,market,1,60062000.0,6.621405651764134,9200.0,2,0,9,1,2026,59.25
أماسي الطايف,الطائف,معشي,مكة المكرمة,2026-02-22 09:00:00,2026-02-24 19:20:11,680000.0,1355000.0,229.6,building,108,7543000.0,5.440684607834958,2961.6724738675957,2,6,9,1,2026,58.33638888888889
مزاد خيرات تبوك,تبوك,الفيصلية الجنوبية,تبوك,2026-02-17 07:00:00,2026-02-19 20:00:00,850000.0,850000.0,620.5,building,0,883500.0,6.432135910950766,1369.86301369863,2,1,7,1,2026,61.0
منافع,الخرج,النهضة,الرياض,2026-02-15 13:00:00,2026-02-17 14:19:12,206000.0,335000.0,314.5,villa,43,15825000.0,5.754158681981268,655.0079491255962,2,6,13,1,2026,49.32
مزاد رحاب مكة,مكة المكرمة,الشرائع المجاهدين,مكة المكرمة,2026-02-14 10:30:00,2026-02-16 17:00:00,184500.0,187500.0,242.6,office,1,4314500.0,5.495527535835742,760.5111294311624,2,5,10,1,2026,54.5
سوار القصيم,البدائع,الخليج,القصيم,2026-02-09 08:11:00,2026-02-11 14:30:00,675000.0,675000.0,2600.0,villa,0,211000.0,7.8636512654486515,259.61538461538464,2,0,8,1,2026,54.31666666666667
مواريث,الهفوف,حي التعاون,الشرقية,2026-02-08 07:00:00,2026-02-10 15:30:00,262000.0,262000.0,270.5,office,0,5045000.0,5.60396213937399,968.5767097966728,2,6,7,1,2026,56.5
بشائر المدينة,المدينة المنورة,الإسكان منطقة اللابة,المدينة المنورة,2026-02-04 10:00:00,2026-02-09 18:25:00,1450000.0,1450000.0,512.68,land,0,3500000.0,6.241600503485793,2828.2749473355702,2,2,10,1,2026,128.41666666666666
مزاد فرص العاصمة,الرياض,حي المصانع,الرياض,2026-01-27 11:00:00,2026-01-29 14:23:37,4200000.0,5770000.0,1800.0,store,158,26672000.0,7.496097345175956,2333.3333333333335,1,1,11,1,2026,51.39361111111111
فرص الوادي,وادي الدواسر,حي المعتلاء,الرياض,2026-01-26 10:00:00,2026-01-28 14:00:00,86500.0,86500.0,342.0,land,0,3210000.0,5.8377304471659395,252.92397660818713,1,0,10,1,2026,52.0
جواهر الأحساء,بقيق,,الشرقية,2026-01-25 08:00:00,2026-01-27 15:00:00,365000.0,365000.0,386.49,villa,0,4094000.0,5.959690042008797,944.39700897824,1,6,8,1,2026,55.0
وثب,جدة,حي المحمدية,مكة المكرمة,2026-01-25 07:00:00,2026-01-27 14:50:11,4450000.0,5570000.0,782.78,villa,89,15080000.0,6.6641283687265265,5684.866756943203,1,6,7,1,2026,55.83638888888889
مزاد أواسط,الرياض,الزهراء,الرياض,2026-01-25 09:00:00,2026-01-27 14:15:10,2100000.0,2400000.0,500.0,villa,23,21391000.0,6.2166061010848646,4200.0,1,6,9,1,2026,53.25277777777778
بوابة نجد,الخرج,حي المنيفية,الرياض,2026-01-22 10:00:00,2026-01-26 15:26:36,440000.0,515000.0,818.12,rest,26,80230000.0,6.708230593266562,537.818412946756,1,3,10,1,2026,101.44333333333333
مـزاد  وفاء الرياض,الرياض,النهضه,الرياض,2026-01-17 07:00:00,2026-01-19 13:45:00,1450000.0,1450000.0,516.87,land,0,16240000.0,6.249724245511469,2805.3475728906687,1,5,7,1,2026,54.75
مزاد إشراقة جازان,صامطة,حي البلد,جازان,2026-01-16 10:00:00,2026-01-18 15:47:53,391000.0,964000.0,637.5,land,116,1377000.0,6.459121675472594,613.3333333333334,1,4,10,1,2026,53.79805555555556
سما الباحة,ناوان,ناوان,الباحة,2026-01-15 10:00:00,2026-01-18 15:00:00,166500.0,166500.0,756.89,floor,0,587000.0,6.63053825637812,219.9791251040442,1,3,10,1,2026,77.0
جوار الخالدية,المدينة المنورة,حي الخالدية,المدينة المنورة,2026-01-13 13:00:00,2026-01-15 13:00:00,1400000.0,1400000.0,420.0,villa,0,0.0,6.042632833682381,3333.3333333333335,1,1,13,1,2026,48.0
مزاد نوادر حائل,حائل,حي المزعبر,حائل,2026-01-11 07:51:00,2026-01-13 14:25:02,113000.0,159000.0,250.0,office,46,3554000.0,5.5254529391317835,452.0,1,6,7,1,2026,54.56722222222222
مـزاد الدرة,الرياض,الملز,الرياض,2026-01-08 07:00:00,2026-01-12 17:30:00,1900000.0,1900000.0,720.0,store,0,7409000.0,6.580639137284949,2638.8888888888887,1,3,7,1,2026,106.5
مزاد جواهر جدة,جدة,حي السروات,مكة المكرمة,2026-01-06 10:00:00,2026-01-08 15:56:29,3850000.0,4750000.0,2487.5,land,91,17765000.0,7.819435398298609,1547.7386934673366,1,1,10,1,2026,53.94138888888889
مزاد هجر,الاحساء,الهدا,الشرقية,2026-01-04 09:00:00,2026-01-06 13:10:00,575000.0,575000.0,330.0,villa,0,0.0,5.802118375377063,1742.4242424242425,1,6,9,1,2026,52.166666666666664
مـزاد تبوك الورد,تبوك,اليرموك,تبوك,2025-12-30 07:00:00,2026-01-01 14:00:00,449000.0,449000.0,179.32,apartment,0,337000.0,5.194733050291466,2503.903635958064,12,1,7,4,2025,55.0
مزاد إيوان القصيم,بريدة,الريان,القصيم,2025-12-23 10:00:00,2025-12-25 18:40:00,675000.0,675000.0,1061.6,land,0,1319000.0,6.968474014016842,635.8327053504145,12,1,10,4,2025,56.666666666666664
جواهر الشمال,القريات,,الجوف,2025-12-22 07:00:00,2025-12-24 15:00:00,351000.0,351000.0,600.0,villa,0,218000.0,6.398594934535208,585.0,12,0,7,4,2025,56.0
مزاد رمال جدة,جدة,الزهراء,مكة المكرمة,2025-12-18 09:00:00,2025-12-22 14:56:44,4950000.0,6710000.0,750.0,villa,87,12538000.0,6.621405651764134,6600.0,12,3,9,4,2025,101.94555555555556
مزاد  أنسام جازان,صبيا,الفيصلية,جازان,2025-12-20 10:00:00,2025-12-22 14:00:00,424000.0,424000.0,196.07,apartment,0,1973000.0,5.283558995572491,2162.4929871984496,12,5,10,4,2025,52.0
مزاد محلات حراج الصواريخ,جدة,حي المحجر,مكة المكرمة,2025-12-07 10:00:00,2025-12-21 18:30:00,149000.0,149000.0,9.0,market,0,478350.0,2.302585092994046,16555.555555555555,12,6,10,4,2025,344.5
مزاد بشائر تبوك,تبوك,الحمراء,تبوك,2025-12-16 10:00:00,2025-12-18 14:52:00,346000.0,379000.0,184.75,apartment,7,1513000.0,5.224401683597868,1872.8010825439783,12,1,10,4,2025,52.86666666666667
مزاد درر الشرقية,الخبر,العزيزية,الشرقية,2025-12-16 09:00:00,2025-12-18 14:10:00,2096480.0,2096480.0,2800.0,land,0,0.0,7.937731775260109,748.7428571428571,12,1,9,4,2025,53.166666666666664
مزاد الراية,تبوك,الراية,تبوك,2025-12-15 13:00:00,2025-12-18 14:05:00,555.0,555.0,560.0,land,0,351221.5,6.329720905522696,0.9910714285714286,12,0,13,4,2025,73.08333333333333
مزاد عليا الرياض,الرياض,العليا,الرياض,2025-12-15 09:00:00,2025-12-17 16:24:37,5150000.0,6030000.0,678.5,villa,45,6030000.0,6.521357233591198,7590.272660280029,12,0,9,4,2025,55.41027777777778
ذرى الاستثمار,الرياض,حي العارض,الرياض,2025-12-13 10:00:00,2025-12-16 14:00:00,2860000.0,3430000.0,625.0,land,20,57930000.0,6.439350371100098,4576.0,12,5,10,4,2025,76.0
مزاد رواسي,الرياض,حي الياسمين,الرياض,2025-12-08 11:00:00,2025-12-10 13:30:00,3550000.0,3550000.0,520.0,land,1,33100000.0,6.255750041753367,6826.923076923077,12,0,11,4,2025,50.5
مـزاد عطاء مكة,مكة المكرمة,الضرائع المجاهدين,مكة المكرمة,2025-11-30 07:00:00,2025-12-02 14:35:00,184500.0,184500.0,242.6,building,0,14462000.0,5.495527535835742,760.5111294311624,11,6,7,4,2025,55.583333333333336
مزاد مدار المملكة,حائل,شراف,جدة,2025-11-24 07:00:00,2025-11-27 14:00:00,4000000.0,4000000.0,1239.37,land,0,0.0,7.123165001187281,3227.446202506112,11,0,7,4,2025,79.0
مـزاد واحات الخرج,الخرج,السلام,الرياض,2025-11-17 15:00:00,2025-11-19 14:17:30,103500.0,339500.0,123.54,land,183,2728500.0,4.824626949444306,837.7853326857697,11,0,15,4,2025,47.291666666666664
مزاد استثمارات طيبة,المدينة المنورة,ابو بريقاء في ابيار علي,المدينة المنورة,2025-11-17 13:00:00,2025-11-19 14:00:00,3415000.0,3415000.0,1913.782,land,0,0.0,7.557359057014591,1784.4247672932445,11,0,13,4,2025,49.0
رحاب المدينة,المدينة المنورة,الجمعة منطقة قباء,المدينة المنورة,2025-11-11 07:00:00,2025-11-13 16:38:14,745000.0,1000000.0,111.59,building,52,13680000.0,4.723752901815039,6676.22546823192,11,1,7,4,2025,57.63722222222222
مـزاد قطوف الباحة,الباحة,القرى,الباحة,2025-11-11 09:00:00,2025-11-13 14:20:00,181500.0,181500.0,540.0,land,0,330000.0,6.293419278846481,336.1111111111111,11,1,9,4,2025,53.333333333333336
مزاد الدار,الدمام,الروضة,الشرقية,2025-11-10 07:00:00,2025-11-12 15:00:00,6500000.0,6500000.0,1595.5,building,0,2520000.0,7.375569012154837,4073.9580068943906,11,0,7,4,2025,56.0
ظلال الأحساء,الاحساء,ضاحية الأمير سلطان,الشرقية,2025-11-10 09:00:00,2025-11-12 13:17:13,407000.0,650000.0,450.0,land,75,3707500.0,6.111467339502679,904.4444444444445,11,0,9,4,2025,52.286944444444444
نسائم نجد,الخرج,المنيفية,الرياض,2025-11-08 10:00:00,2025-11-11 15:00:22,305000.0,305000.0,519.8,land,1,605000.0,6.255366090894359,586.7641400538669,11,5,10,4,2025,77.00611111111111
مزاد معالم,الرياض,حي الجنادرية,الرياض,2025-11-09 15:25:56,2025-11-09 15:25:58,300.0,300.0,3284.01,land,0,53929971.0,8.097124975054108,0.09135173157207194,11,6,15,4,2025,0.0005555555555555556
مزاد نواحي نجد,الحوطة,عشيرة سدير,مكة المكرمة,2025-11-04 08:00:00,2025-11-06 16:00:00,245000.0,245000.0,421.5,land,0,0.0,6.046189446797229,581.2574139976275,11,1,8,4,2025,56.0
مـزاد عوالي الرياض,الرياض,حي ضاحية نمار,الرياض,2025-11-02 07:00:00,2025-11-04 14:00:00,2000000.0,2000000.0,2250.0,land,0,905000.0,7.719129840906732,888.8888888888889,11,6,7,4,2025,55.0
المرجان,الدمام,حي ضاحية الملك فهد,الشرقية,2025-11-01 09:00:00,2025-11-03 13:52:00,345000.0,345000.0,153.49,apartment,0,930000.0,5.040129369323958,2247.703433448433,11,5,9,4,2025,52.86666666666667
مزاد الدار,حائل,-,حائل,2025-10-30 07:00:00,2025-11-02 18:33:23,144000.0,178000.0,598.0,land,30,883000.0,6.395261598115449,240.80267558528428,10,3,7,4,2025,83.55638888888889
التلال الشرقية,الدمام,حي النزهة,الشرقية,2025-10-23 07:00:00,2025-10-29 15:39:18,4250000.0,5100000.0,834.5,building,75,17800000.0,6.728030348035448,5092.869982025165,10,3,7,4,2025,152.655
مزاد بريزة,بريدة,المرقب,القصيم,2025-10-27 11:00:00,2025-10-29 14:12:30,147500.0,346500.0,35.88,market,71,1791000.0,3.607669398688393,4110.92530657748,10,0,11,4,2025,51.208333333333336
مزاد درر الشمــــال,تبوك,حي القادسية الاول,تبوك,2025-10-23 07:00:00,2025-10-27 15:11:57,670000.0,935000.0,630.0,villa,50,4030000.0,6.447305862541213,1063.4920634920634,10,3,7,4,2025,104.19916666666667
مزاد همم الرياض,الرياض,المصانع,الرياض,2025-10-19 10:00:00,2025-10-21 15:00:00,4150000.0,4150000.0,1785.5,land,0,5939000.0,7.4880136774634645,2324.2789134696163,10,6,10,4,2025,53.0
مـزاد رحاب الحرم,مكة المكرمة,العزيزية - الضفة الغربية,مكة المكرمة,2025-10-19 15:49:38,2025-10-19 16:00:35,200000.0,3300000.0,500.0,building,1,0.0,6.2166061010848646,400.0,10,6,15,4,2025,0.1825
مخطط درة الدلم 4,الدلم,حي الناصرية,الرياض,2025-10-11 09:00:00,2025-10-16 15:00:00,160500.0,160500.0,693.0,land,0,2453500.0,6.542471960506805,231.60173160173161,10,5,9,4,2025,126.0
كنوز جدة,رابغ,الصليب الشرقي,مكة المكرمة,2025-10-13 10:00:00,2025-10-15 16:09:57,112500.0,112500.0,400.0,land,0,4490000.0,5.993961427306569,281.25,10,0,10,4,2025,54.16583333333333
مزاد سدرة,الرياض,حي المنصورة,الرياض,2025-10-13 11:00:00,2025-10-15 15:08:41,2950000.0,3380000.0,632.0,building,40,27390000.0,6.450470422144176,4667.721518987341,10,0,11,4,2025,52.14472222222222
مخطط درة الدلم 3,الدلم,حي الناصرية,الرياض,2025-10-11 09:00:00,2025-10-15 15:00:00,125000.0,125000.0,520.0,land,0,1456500.0,6.255750041753367,240.3846153846154,10,5,9,4,2025,102.0
مخطط درة الدلم 2,الدلم,حي الناصرية,الرياض,2025-10-11 09:00:00,2025-10-14 15:01:24,82500.0,121500.0,350.0,land,35,1242500.0,5.860786223465865,235.71428571428572,10,5,9,4,2025,78.02333333333333
مزاد روائع جدة,جدة,حي الفيصلية,مكة المكرمة,2025-10-13 14:22:14,2025-10-13 17:44:14,1500000.0,2150000.0,450.0,building,3,29310000.0,6.111467339502679,3333.3333333333335,10,0,14,4,2025,3.3666666666666667
مخطط درة الدلم 1,الدلم,حي الناصرية,الرياض,2025-10-11 09:00:00,2025-10-13 15:00:00,175500.0,175500.0,597.0,land,0,3192500.0,6.393590753950631,293.96984924623115,10,5,9,4,2025,54.0
مزاد نوادر عسير,خميس مشيط,حي المصيف,عسير,2025-09-30 07:00:00,2025-10-02 16:24:41,721707.0,971707.0,625.0,land,63,9698324.0,6.439350371100098,1154.7312,9,1,7,3,2025,57.41138888888889
مزاد صفوة المحمدية,جدة,حي المحمدية,مكة المكرمة,2025-10-01 15:46:52,2025-10-01 16:56:27,150000.0,3700000.0,720.0,land,1,22250000.0,6.580639137284949,208.33333333333334,10,2,15,4,2025,1.1597222222222223
مزاد شواطئ الشمال,حقل,حي الحميضه,تبوك,2025-09-28 13:00:00,2025-09-30 15:25:20,324000.0,404000.0,300.0,land,41,2841000.0,5.707110264748875,1080.0,9,6,13,3,2025,50.422222222222224
تلال الخبر,الخبر,حي التحلية,الشرقية,2025-09-28 07:00:00,2025-09-29 16:00:00,930000.0,930000.0,413.6,villa,0,0.0,6.027314200001679,2248.549323017408,9,6,7,3,2025,33.0
مزاد اراﺿﻲ اﻟﻤﺨﻮاه,المخواة,شقص بوادي ناوان,الباحة,2025-09-22 10:00:00,2025-09-25 20:30:00,7500.0,10500.0,1657.5,land,3,271600.0,7.4136688583871075,4.524886877828054,9,0,10,3,2025,82.5
ريفان,الرياض,أم سليم,الرياض,2025-09-21 07:00:00,2025-09-25 14:13:22,3200000.0,3510000.0,700.0,building,20,3510000.0,6.55250788703459,4571.428571428572,9,6,7,3,2025,103.22277777777778
مزاد أركان الرياض,الرياض,حي الديرة,الرياض,2025-09-16 13:00:00,2025-09-18 14:00:00,350000.0,350000.0,173.35,land,1,0.0,5.161064773121661,2019.0366310931643,9,1,13,3,2025,49.0
أصداف,جدة,الشرائع,مكة المكرمة,2025-09-15 09:00:00,2025-09-17 13:55:00,420000.0,420000.0,900.0,land,1,2300000.0,6.803505257608338,466.6666666666667,9,0,9,3,2025,52.916666666666664
القافلة,المدينة المنورة,حي الدفاع,المدينة المنورة,2025-09-09 16:28:56,2025-09-09 16:32:42,1000000.0,1000000.0,1237.25,land,0,37000000.0,7.121454371468347,808.244089715094,9,1,16,3,2025,0.06277777777777778
مساكن الشرق,الرياض,حي النسيم الغربي,الرياض,2025-09-06 11:40:00,2025-09-08 13:52:15,1420000.0,1550000.0,750.0,villa,13,9590000.0,6.621405651764134,1893.3333333333333,9,5,11,3,2025,50.204166666666666
خيرات حفر الباطن,حفر الباطن,حي الباطن,الشرقية,2025-09-02 09:00:00,2025-09-04 17:50:00,610000.0,610000.0,440.0,villa,0,1220000.0,6.089044875446846,1386.3636363636363,9,1,9,3,2025,56.833333333333336
ثراء,البيضاء,الفرسان,الشرقية,2025-09-02 08:00:00,2025-09-04 17:45:00,2390000.0,2390000.0,2600.0,land,0,28851000.0,7.8636512654486515,919.2307692307693,9,1,8,3,2025,57.75
مـزاد نفائس الجنوب,ابها,حي الخشع,عسير,2025-09-01 10:00:00,2025-09-03 14:50:00,1350000.0,1350000.0,3147.0,land,0,460000.0,8.054522609537294,428.9799809342231,9,0,10,3,2025,52.833333333333336
مزاد مخطط ضاحية نجد-المجموعة الخامسة,الدلم,حي الناصرية,الرياض,2025-08-25 10:00:00,2025-08-31 19:00:00,200000.0,200000.0,610.0,land,1,2560000.0,6.415096959171596,327.8688524590164,8,0,10,3,2025,153.0
مزاد مخطط ضاحية نجد-المجموعة الرابعة,الدلم,حي الناصرية,الرياض,2025-08-25 10:00:00,2025-08-30 19:00:15,150000.0,305000.0,476.0,land,16,4800000.0,6.1675164908883415,315.12605042016804,8,0,10,3,2025,129.00416666666666
مزاد مخطط ضاحية نجد-المجموعة الثالثة,الدلم,حي الناصرية,الرياض,2025-08-25 10:00:00,2025-08-29 19:00:00,190000.0,195000.0,600.0,land,1,2365000.0,6.398594934535208,316.6666666666667,8,0,10,3,2025,105.0
مزاد مخطط ضاحية نجد-المجموعة الثانية,الدلم,حي الناصرية,الرياض,2025-08-25 10:00:00,2025-08-28 19:00:00,180000.0,180000.0,600.0,land,0,1677000.0,6.398594934535208,300.0,8,0,10,3,2025,81.0
فرسان,الدمام,حي الفرسان,الشرقية,2025-08-26 08:00:00,2025-08-28 15:00:00,1890000.0,1890000.0,1800.0,land,0,1890000.0,7.496097345175956,1050.0,8,1,8,3,2025,55.0
مزاد مخطط ضاحية نجد-المجموعة الأولى,الدلم,حي الناصرية,الرياض,2025-08-25 10:00:00,2025-08-27 18:54:54,190000.0,190000.0,666.75,land,1,4880000.0,6.50391385199007,284.96437945256844,8,0,10,3,2025,56.915
مزاد بشاير الخير,الخبر,حي التحلية,الشرقية,2025-08-25 07:00:00,2025-08-27 16:40:00,930000.0,930000.0,413.6,villa,0,0.0,6.027314200001679,2248.549323017408,8,0,7,3,2025,57.666666666666664
مزاد عروس الشمال,حفر الباطن,حي الوادي,الشرقية,2025-08-24 07:00:00,2025-08-26 16:00:00,590000.0,590000.0,900.0,rest,0,200000.0,6.803505257608338,655.5555555555555,8,6,7,3,2025,57.0
مزاد ﺟﻮاﻫﺮ اﻟﻌﺎﺻﻤﺔ,الرياض,حي المعذر الشمالي,الرياض,2025-08-21 10:00:00,2025-08-24 15:16:45,6420000.0,11310000.0,1000.0,villa,221,38420000.0,6.90875477931522,6420.0,8,3,10,3,2025,77.27916666666667
مزاد رواسي الجنوب,جازان,رح أﺑﻮ ﻋﺮﻳﺶ,جازان,2025-08-17 10:00:00,2025-08-20 15:00:00,220000.0,220000.0,640.0,land,0,3270000.0,6.46302945692067,343.75,8,6,10,3,2025,77.0
ضواحي الروضة,الرياض,حي الروضة,الرياض,2025-08-15 07:00:00,2025-08-20 14:30:00,6016667.0,6016667.0,750.0,building,0,0.0,6.621405651764134,8022.222666666667,8,4,7,3,2025,127.5
مزاد نخبة المستثمر,تبوك,حي الروضة,تبوك,2025-08-17 13:00:00,2025-08-19 16:00:00,836000.0,836000.0,800.0,land,0,6385000.0,6.68586094706836,1045.0,8,6,13,3,2025,51.0
مناهل الرياض,الرياض,حي الخير,الرياض,2025-08-12 07:00:00,2025-08-14 14:33:25,1350000.0,1690000.0,890.0,land,35,20560000.0,6.792344427470809,1516.8539325842696,8,1,7,3,2025,55.55694444444445
مزاد أصايل الأحساء,الهفوف,بو سحبل األول,الشرقية,2025-08-11 10:00:00,2025-08-13 16:00:00,365000.0,365000.0,271.38,villa,0,850000.0,5.607198150140811,1344.9775222934632,8,0,10,3,2025,54.0
مزاد ترف,ابها,تنمية,عسير,2025-08-11 08:00:00,2025-08-13 15:00:00,800000.0,800000.0,1102.0,land,0,0.0,7.005789019253503,725.9528130671506,8,0,8,3,2025,55.0
مزاد سولتير الخبر,الخبر,حي الامواج,الشرقية,2025-08-10 07:00:00,2025-08-12 14:50:00,600000.0,600000.0,238.55,villa,0,1135000.0,5.478762163329131,2515.195975686439,8,6,7,3,2025,55.833333333333336
كندة,مكة المكرمة,حي بطحاء قريش,مكة المكرمة,2025-08-06 19:34:43,2025-08-06 20:24:15,300000.0,7800000.0,1293.27,land,12,150950000.0,7.165702108627652,231.97012224825443,8,2,19,3,2025,0.8255555555555556
مكارم الشمال,عرعر,السليمانية,الحدود الشمالية,2025-08-04 07:00:00,2025-08-06 14:50:20,31000.0,39000.0,568.28,land,7,724000.0,6.34437240447747,54.55057366087141,8,0,7,3,2025,55.83888888888889
مزاد مدى جدة,جدة,حي السلامة,مكة المكرمة,2025-07-27 09:00:00,2025-07-30 15:35:08,4030000.0,4790000.0,800.0,land,72,10002000.0,6.68586094706836,5037.5,7,6,9,3,2025,78.58555555555556
مـزاد أرض البركات,المدينة المنورة,حي العزيزية,المدينة المنورة,2025-07-27 08:00:00,2025-07-29 14:03:49,380000.0,407000.0,392.0,land,8,6597000.0,5.973809611869261,969.3877551020408,7,6,8,3,2025,54.06361111111111
مزاد رواء نجران,نجران,الأمير مشعل أ,نجران,2025-07-22 09:00:00,2025-07-24 15:40:00,1030000.0,1030000.0,800.0,building,0,1240000.0,6.68586094706836,1287.5,7,1,9,3,2025,54.666666666666664
مزاد المعذر,الرياض,حي المعذر,الرياض,2025-07-19 10:00:00,2025-07-22 14:22:10,2650000.0,6250000.0,487.0,building,72,31850000.0,6.1903154058531475,5441.478439425051,7,5,10,3,2025,76.36944444444444
مزاد أديم الرياض,الرياض,غبيراء,الرياض,2025-07-15 06:00:00,2025-07-17 14:59:51,2820000.0,4030000.0,630.0,building,117,13665000.0,6.447305862541213,4476.190476190476,7,1,6,3,2025,56.9975
مزاد فرص الإيواء,مكة المكرمة,الششة مخطط الأمير عبدالله الفيصل(العدل),مكة المكرمة,2025-07-08 10:00:00,2025-07-10 13:00:00,4000000.0,4000000.0,519.11,building,0,0.0,6.254040327665906,7705.495944982758,7,1,10,3,2025,51.0
مزاد نزل الرياض,الرياض,حي الربوة,الرياض,2025-07-06 10:00:00,2025-07-09 15:00:00,2050000.0,2060000.0,464.0,store,2,20170000.0,6.142037405587356,4418.103448275862,7,6,10,3,2025,77.0
مزاد النعيم,مكة المكرمة,حي المرسلات,مكة المكرمة,2025-07-07 17:29:46,2025-07-07 17:39:21,5000000.0,5000000.0,1110.0,building,1,44505000.0,7.01301578963963,4504.504504504504,7,0,17,3,2025,0.1597222222222222
مزاد عنوان الأحساء,الاحساء,الفيصل,الشرقية,2025-07-02 08:00:00,2025-07-06 15:00:00,2100000.0,2100000.0,1080.0,villa,0,726000.0,6.985641817639208,1944.4444444444443,7,2,8,3,2025,103.0
مزاد المرسى,جدة,حي الروضة,مكة المكرمة,2025-06-29 10:00:00,2025-07-01 14:48:06,6820000.0,10970000.0,875.0,building,406,15150000.0,6.775366090936392,7794.285714285715,6,6,10,2,2025,52.80166666666667
مزاد جواهر الجوف,ميقوع,ميقوع,الجوف,2025-06-22 07:00:00,2025-06-24 18:00:00,105000.0,105000.0,672.0,land,0,105000.0,6.511745329644728,156.25,6,6,7,2,2025,59.0
مزاد الجوهرة,الرياض,حي الرائد,الرياض,2025-06-24 15:33:25,2025-06-24 15:36:33,1000.0,12400.0,488.0,land,13,919521700.0,6.192362489474872,2.0491803278688523,6,1,15,2,2025,0.052222222222222225
مزاد صدف,مكة المكرمة,حي الجامعة,مكة المكرمة,2025-06-23 16:21:23,2025-06-23 17:19:53,1000.0,12100.0,3520.04,land,72,147239278.0,8.166511679499498,0.28408768082180885,6,0,16,2,2025,0.975
مزاد نهل,الرياض,حي الصناعية,الرياض,2025-06-17 07:00:00,2025-06-19 14:15:55,1130000.0,3030000.0,283.47,market,115,15413000.0,5.650627799851681,3986.312484566268,6,1,7,2,2025,55.265277777777776
مزاد بساتين بريدة,بريدة,البساتين الشرقي,القصيم,2025-06-16 06:00:00,2025-06-18 17:00:00,310000.0,310000.0,475.4,land,0,200000.0,6.166257837481145,652.0824568784182,6,0,6,2,2025,59.0
مزاد ثروات جدة,جدة,حي الصفا,مكة المكرمة,2025-06-16 10:00:00,2025-06-18 16:40:00,330000.0,330000.0,135.24,apartment,0,21181000.0,4.914418036354433,2440.106477373558,6,0,10,2,2025,54.666666666666664
مزاد طراز,الرياض,شرق الرياض,الرياض,2025-06-16 07:00:00,2025-06-18 13:50:00,600000.0,600000.0,900.0,land,0,11280000.0,6.803505257608338,666.6666666666666,6,0,7,2,2025,54.833333333333336
مزاد أريام الرياض,الرياض,حي المعذر,الرياض,2025-06-17 14:19:42,2025-06-17 14:40:11,4300000.0,5000000.0,1108.75,land,8,128200000.0,7.0118900437141445,3878.241262683202,6,1,14,2,2025,0.3413888888888889
ﻣـﺰاد ﻣﺴﺘﻘﺒﻞ اﻻﺳـﺘـﺜـﻤــــﺎر,صبيا,حله ابو حصين حله المواسي,جازان,2025-06-15 08:00:00,2025-06-17 14:00:00,170000.0,170000.0,640.0,land,0,4010000.0,6.46302945692067,265.625,6,6,8,2,2025,54.0
مزاد قطاف نجران,نجران,شمال حي الفهد,نجران,2025-05-29 07:00:00,2025-06-02 14:45:00,430000.0,430000.0,399.0,land,1,830000.0,5.991464547107982,1077.6942355889723,5,3,7,2,2025,103.75
مزاد التلال الشمالية,عرعر,حي الجوهرة,الحدود الشمالية,2025-05-26 07:00:00,2025-05-28 14:49:48,870000.0,930000.0,1250.0,villa,9,1460000.0,7.1316985104669115,696.0,5,0,7,2,2025,55.83
مزاد رمال بريدة,بريدة,الخضر والوجيعان,القصيم,2025-05-18 07:00:00,2025-05-21 14:50:00,75000.0,75000.0,400.0,land,0,2732000.0,5.993961427306569,187.5,5,6,7,2,2025,79.83333333333333
مزاد بنان,بريدة,حي الغدير,القصيم,2025-05-15 10:00:00,2025-05-19 14:00:00,208000.0,213000.0,920.41,land,2,17548000.0,6.825905105492629,225.98624526026447,5,3,10,2,2025,100.0
مزاد ربى القصيم,القصيم,الزرقاء,الرياض,2025-05-06 09:00:00,2025-05-08 15:00:00,3290000.0,3290000.0,2700.0,villa,0,2650000.0,7.901377353792616,1218.5185185185185,5,1,9,2,2025,54.0
مزاد فرص المطور,رماح,السلام,الرياض,2025-05-06 13:00:00,2025-05-08 15:00:00,370000.0,370000.0,805.0,land,0,9260000.0,6.692083742506628,459.6273291925466,5,1,13,2,2025,50.0
مزاد مقام,مكة المكرمة,حي الشوقية الدائري الرابع,مكة المكرمة,2025-05-05 06:00:00,2025-05-07 18:02:49,3000000.0,3900000.0,699.9,land,4,0.0,6.552365223506279,4286.326618088298,5,0,6,2,2025,60.04694444444444
مزاد عوائد,الرياض,حي لبن,الرياض,2025-05-03 10:00:00,2025-05-07 15:24:37,4850000.0,8950000.0,1950.0,station,42,69710000.0,7.576097340623111,2487.1794871794873,5,5,10,2,2025,101.41027777777778
مزاد أركان الطائف,الطائف,حي الريان,مكة المكرمة,2025-05-05 13:00:00,2025-05-07 15:00:00,1280000.0,1280000.0,544.74,building,0,1042000.0,6.302142671854024,2349.7448323971066,5,0,13,2,2025,50.0
مزاد أركان نجران,حبونا,المنتشر,نجران,2025-05-05 13:00:00,2025-05-07 15:00:00,770000.0,770000.0,720.0,building,0,0.0,6.580639137284949,1069.4444444444443,5,0,13,2,2025,50.0
مزاد تلال نجد,وادي الدواسر,حي الورود,الرياض,2025-04-27 10:19:00,2025-05-01 14:00:00,86000.0,86000.0,330.0,land,0,995000.0,5.802118375377063,260.6060606060606,4,6,10,2,2025,99.68333333333334
مزاد مروج نجران,ابها,مدينة سلطان الاعليب,عسير,2025-04-28 13:00:00,2025-04-30 17:42:52,250000.0,250000.0,750.0,land,0,0.0,6.621405651764134,333.3333333333333,4,0,13,2,2025,52.714444444444446
مزاد مخطط الصواري - اليوم الثالث,جدة,الصو,مكة المكرمة,2025-04-29 15:05:50,2025-04-30 17:23:43,50000.0,1650000.0,800.0,land,1,6160000.0,6.68586094706836,62.5,4,1,15,2,2025,26.298055555555557
مزاد مخطط الصواري - اليوم الأول,جدة,حي الصوارى,مكة المكرمة,2025-04-27 17:11:33,2025-04-30 17:12:58,100000.0,810000.0,400.0,land,1,6910000.0,5.993961427306569,250.0,4,6,17,2,2025,72.02361111111111
مزاد مخطط الصواري - اليوم الثاني,جدة,الصواري,مكة المكرمة,2025-04-28 15:42:50,2025-04-30 17:02:52,2500000.0,3200000.0,1511.0,land,10,10100000.0,7.321188556739478,1654.5334215751159,4,0,15,2,2025,49.333888888888886
مزاد وهج القصيم,بريدة,بريدة,القصيم,2025-04-26 07:00:00,2025-04-30 17:00:17,220000.0,292000.0,516.64,land,24,4762000.0,6.24928001995347,425.8284298544441,4,5,7,2,2025,106.00472222222223
مزاد مخطط الصواري - اليوم الرابع,جدة,حي الصوارى,مكة المكرمة,2025-04-30 15:38:07,2025-04-30 16:52:21,25000.0,1000000.0,400.5,land,15,3490000.0,5.995207533386816,62.421972534332085,4,2,15,2,2025,1.2372222222222222
مزاد جواهر الشرقية 2,القطيف,الاوجام,الشرقية,2025-04-27 07:00:00,2025-04-29 16:30:00,1000000.0,1000000.0,1005.66,land,0,18055180.0,6.91439319916232,994.3718552990076,4,6,7,2,2025,57.5
مزاد جادة مكة المكرمة,مكة المكرمة,حي السلامة,مكة المكرمة,2025-04-23 17:19:03,2025-04-23 17:26:12,25000.0,500000.0,459.7,land,1,14700000.0,6.132747071941871,54.38329345225147,4,2,17,2,2025,0.11916666666666667
بشاير تبوك,تبوك,حي القادسية الثاني,تبوك,2025-04-21 07:00:00,2025-04-23 15:00:00,270000.0,270000.0,153.01,apartment,0,1872000.0,5.037017535370374,1764.5905496372786,4,0,7,2,2025,56.0
مزاد أسوار مكة,الليث,غميقة,مكة المكرمة,2025-04-21 07:00:00,2025-04-23 13:30:00,370000.0,370000.0,390.0,villa,0,1300000.0,5.968707559985366,948.7179487179487,4,0,7,2,2025,54.5
شفق,الرياض,حي العريجاء الغربي,الرياض,2025-04-16 10:00:00,2025-04-21 14:00:00,470000.0,470000.0,173.0,apartment,1,6690000.0,5.159055299214529,2716.7630057803467,4,2,10,2,2025,124.0
مزاد عباب,جدة,حي بريمان,مكة المكرمة,2025-04-12 10:00:00,2025-04-16 15:18:02,390000.0,459000.0,548.5,land,24,12149000.0,6.309008773843676,711.0300820419326,4,5,10,2,2025,101.30055555555556
سما الروسان - المجموعة الثالثة,الرياض,حي الجنادرية,الرياض,2025-04-05 13:00:00,2025-04-14 16:40:00,3600000.0,3600000.0,1500.0,land,0,7185000.0,7.313886831633462,2400.0,4,5,13,2,2025,219.66666666666666
سما الروسان - المجموعة الثانية,الرياض,حي الجنادرية,الرياض,2025-04-05 13:00:00,2025-04-13 18:00:00,739000.0,749000.0,335.91,land,2,1560000.0,5.819815832370331,2199.9940460242324,4,5,13,2,2025,197.0
سما الروسان  - المجموعة الأولى,الرياض,حي الجنادرية,الرياض,2025-04-05 13:00:00,2025-04-12 17:00:00,914000.0,924000.0,457.41,land,2,2287000.0,6.127763980171312,1998.2072976104587,4,5,13,2,2025,172.0
مزاد كنوز الرياض,الرياض,حي العزيزية,الرياض,2025-04-06 07:00:00,2025-04-08 15:20:54,2820000.0,4200000.0,750.0,building,131,10471000.0,6.621405651764134,3760.0,4,6,7,2,2025,56.348333333333336
مزاد المصيف,الطائف,حي شبرا,مكة المكرمة,2025-03-24 09:00:00,2025-03-26 20:25:15,85000.0,86000.0,27.0,market,2,414000.0,3.332204510175204,3148.1481481481483,3,0,9,1,2025,59.420833333333334
قمم الطائف,الطائف,طيبة,مكة المكرمة,2025-03-23 10:00:00,2025-03-26 20:03:49,100000.0,166000.0,400.0,land,66,1214000.0,5.993961427306569,250.0,3,6,10,1,2025,82.06361111111111
عوائد الرياض,الرياض,حي النسيم الشرقي,الرياض,2025-03-20 10:00:00,2025-03-25 18:00:00,8000000.0,8000000.0,1800.0,land,0,0.0,7.496097345175956,4444.444444444444,3,3,10,1,2025,128.0
الميراث,العيون,ضاحية الامير سلطان,المدينة المنورة,2025-03-16 07:00:00,2025-03-18 12:13:26,280000.0,448000.0,380.0,land,47,7258000.0,5.942799375126701,736.8421052631579,3,6,7,1,2025,53.22388888888889
مزاد الريادة,الرياض,حي الخير,الرياض,2025-03-17 20:35:37,2025-03-17 20:41:03,1600000.0,2200000.0,750.0,land,9,245500000.0,6.621405651764134,2133.3333333333335,3,0,20,1,2025,0.09055555555555556
جواهر الشرقية,الدمام,طيب,الشرقية,2025-03-15 07:02:00,2025-03-17 20:40:00,6000000.0,6000000.0,780.0,construction,0,0.0,6.660575149839686,7692.307692307692,3,5,7,1,2025,61.63333333333333
عبق بريدة,بريدة,حي الأخضر,القصيم,2025-03-13 07:00:00,2025-03-17 20:20:00,250000.0,250000.0,142.45,floor,0,2455000.0,4.965986542427374,1755.001755001755,3,3,7,1,2025,109.33333333333333
مزاد منارة الطائف,الطائف,حي الشهداء الشمالية,مكة المكرمة,2025-03-15 07:00:00,2025-03-17 20:18:29,430000.0,523000.0,161.7,building,32,1908000.0,5.091908014224992,2659.2455163883737,3,5,7,1,2025,61.308055555555555
مزاد خيرات تبوك,تبوك,تبوك,تبوك,2025-03-15 13:00:00,2025-03-17 15:20:43,1750000.0,2560000.0,1625.93,building,78,5203000.0,7.394450082322982,1076.3070980915538,3,5,13,1,2025,50.34527777777778
ارتال حائل,حائل,حي السمراء,حائل,2025-03-06 11:10:00,2025-03-09 20:30:00,505000.0,505000.0,445.5,villa,0,2310000.0,6.101439400316553,1133.557800224467,3,3,11,1,2025,81.33333333333333
روافد,الرياض,حي العقيق,الرياض,2025-02-27 10:00:00,2025-03-04 20:14:34,860000.0,1060000.0,125.13,apartment,20,27080000.0,4.837313121099101,6872.8522336769765,2,3,10,1,2025,130.24277777777777
ثمار الحرمين,المدينة المنورة,باب قباء,المدينة المنورة,2025-02-23 10:00:00,2025-02-27 15:12:38,2900000.0,3550000.0,172.51,building,14,0.0,5.156235234613581,16810.619674221783,2,6,10,1,2025,101.21055555555556
مزاد استثمارات الدمام,الدمام,حي طيبة,الشرقية,2025-02-25 13:00:00,2025-02-27 14:00:32,4500000.0,4550000.0,2236.55,land,1,0.0,7.713136796268049,2012.027452996803,2,1,13,1,2025,49.00888888888889
مزاد شواطئ المستقبل,حقل,حي الحميضه,تبوك,2025-02-24 13:00:00,2025-02-26 15:00:00,1275000.0,1275000.0,1500.0,land,1,4435000.0,7.313886831633462,850.0,2,0,13,1,2025,50.0
مكارم الدمام,الدمام,حي الخالدية الجنوبية,الشرقية,2025-02-18 07:00:00,2025-02-20 12:35:56,2960000.0,3780000.0,2012.5,land,42,47233000.0,7.607629780291509,1470.807453416149,2,1,7,1,2025,53.59888888888889
مزاد استثمارات جدة,جدة,حي الوادي,مكة المكرمة,2025-02-17 13:00:00,2025-02-19 15:36:11,1690000.0,2560000.0,2398.29,land,72,13680000.0,7.782928139235391,704.6687431461584,2,0,13,1,2025,50.60305555555556
مكارم مكة المكرمة,مكة المكرمة,حي العزيزية,مكة المكرمة,2025-02-17 07:00:00,2025-02-19 12:30:00,1845000.0,1845000.0,368.03,building,1,7220000.0,5.9108779415488035,5013.1782735103125,2,0,7,1,2025,53.5
مزاد أركان الشمال,العويقلية,حي النسيم,الحدود الشمالية,2025-02-11 13:00:00,2025-02-13 15:00:00,330000.0,330000.0,600.0,floor,0,3251000.0,6.398594934535208,550.0,2,1,13,1,2025,50.0
مزاد العمارية,الرياض,العمارية,الرياض,2025-02-10 15:56:38,2025-02-10 18:39:17,2700000.0,4300000.0,2000.0,land,17,30532074.0,7.601402334583733,1350.0,2,0,15,1,2025,2.7108333333333334
مزاد استثمارات المدينة,المدينة المنورة,الصدقة,المدينة المنورة,2025-02-03 13:00:00,2025-02-05 15:27:25,900000.0,1035000.0,337.5,land,28,24364000.0,5.82452409235233,2666.6666666666665,2,0,13,1,2025,50.456944444444446
مزاد سلمى حائل,حائل,حي الزهراء,حائل,2025-01-28 07:00:00,2025-01-30 13:29:54,760000.0,940000.0,477.9,villa,37,2313000.0,6.171491807348564,1590.290855827579,1,1,7,1,2025,54.498333333333335
بشاير الشمال,القريات,الشرقي,الجوف,2025-01-27 07:00:00,2025-01-29 15:00:00,320000.0,320000.0,440.0,building,0,351000.0,6.089044875446846,727.2727272727273,1,0,7,1,2025,56.0
نواضر الرياض,الرياض,حي الفوطة,الرياض,2025-01-22 10:00:00,2025-01-28 15:16:17,4610000.0,8210000.0,1160.41,store,90,21770000.0,7.057390063198797,3972.7337751312034,1,2,10,1,2025,149.27138888888888
نواضر تبوك,تبوك,الفيصلية,تبوك,2025-01-22 10:00:00,2025-01-28 15:00:00,950000.0,950000.0,1170.0,land,0,0.0,7.065613363597717,811.965811965812,1,2,10,1,2025,149.0
عالية نجد,القويعية,حي الجزيرة,الرياض,2025-01-25 09:00:00,2025-01-27 14:00:00,230000.0,230000.0,462.0,villa,1,6803000.0,6.137727054086234,497.83549783549785,1,5,9,1,2025,53.0
روائع الرياض,الرياض,حي الخليج,الرياض,2025-01-23 10:00:00,2025-01-26 17:08:04,3465000.0,4405000.0,875.0,land,95,43039000.0,6.775366090936392,3960.0,1,3,10,1,2025,79.13444444444444
مدن المملكة,الطائف,حي ضاحية الاسكان,مكة المكرمة,2025-01-20 08:00:00,2025-01-22 12:00:00,430000.0,430000.0,450.0,land,0,0.0,6.111467339502679,955.5555555555555,1,0,8,1,2025,52.0
بيان الخبر - القطع التجارية,الخبر,حي المها,الشرقية,2024-08-20 13:00:00,2025-01-21 13:26:50,3400000.0,3400000.0,1800.0,land,0,0.0,7.496097345175956,1888.888888888889,8,1,13,3,2024,3696.447222222222
روائع جازان,احد المسارحة,حي المنجارة,جازان,2024-12-29 10:00:00,2025-01-01 15:30:00,380000.0,380000.0,410.0,villa,1,848000.0,6.018593214496234,926.829268292683,12,6,10,4,2024,77.5
روابي حائل - مخطط التنمية,حائل,مخطط التنمية,حائل,2024-12-12 10:00:00,2024-12-16 18:00:00,164000.0,169000.0,630.0,land,2,1413000.0,6.447305862541213,260.3174603174603,12,3,10,4,2024,104.0
روابي حائل - مخطط النقرة,حائل,حي النقرة,حائل,2024-12-12 10:00:00,2024-12-16 17:31:59,509000.0,554000.0,751.0,land,4,15152000.0,6.62273632394984,677.762982689747,12,3,10,4,2024,103.53305555555555
مرافئ جدة,جدة,الهجرة,مكة المكرمة,2024-12-15 15:59:55,2024-12-15 16:13:33,250000.0,400000.0,864.0,land,7,11175000.0,6.762729506931879,289.35185185185185,12,6,15,4,2024,0.22722222222222221
أرتال نجد,عفيف,حي الملك فيصل,الرياض,2024-12-08 08:00:00,2024-12-11 14:10:00,130000.0,130000.0,475.0,land,0,2524000.0,6.16541785423142,273.6842105263158,12,6,8,4,2024,78.16666666666667
جود الرياض,الرياض,حي المناخ,الرياض,2024-12-08 10:00:00,2024-12-10 15:00:00,1050000.0,1070000.0,625.0,land,2,0.0,6.439350371100098,1680.0,12,6,10,4,2024,53.0
مزاد الواحة,المبرز,حي الفيصل,الشرقية,2024-12-08 09:40:00,2024-12-10 14:09:00,1610000.0,1610000.0,1080.0,villa,0,1835000.0,6.985641817639208,1490.7407407407406,12,6,9,4,2024,52.483333333333334
جواهر الغربية,الطائف,الوسام,مكة المكرمة,2024-12-01 10:00:00,2024-12-05 18:21:26,5000000.0,5000000.0,2203.65,land,0,0.0,7.698324045123251,2268.9628570780296,12,6,10,4,2024,104.35722222222222
متون الشرقية,الخبر,حي الثقبة,الشرقية,2024-12-01 06:00:00,2024-12-05 18:18:12,554000.0,1034000.0,325.58,construction,76,3893000.0,5.788674941674164,1701.5787210516617,12,6,6,4,2024,108.30333333333333
ألماس,الخبر,حي البندرية,الشرقية,2024-11-24 06:00:00,2024-12-02 17:50:00,1450000.0,1450000.0,406.0,land,0,60797000.0,6.008813185442595,3571.4285714285716,11,6,6,4,2024,203.83333333333334
بيان الخبر - المجموعة الثانية,الخبر,حي المها,الشرقية,2024-11-24 10:00:00,2024-12-01 16:35:00,802000.0,802000.0,763.75,land,0,529200.0,6.639548983031013,1050.0818330605564,11,6,10,4,2024,174.58333333333334
بيان الخبر - المجموعة الأولى,الخبر,حي المها,الشرقية,2024-11-24 10:00:00,2024-12-01 15:15:00,720360.0,720360.0,686.05,land,0,3218800.0,6.532407069777784,1050.0109321478028,11,6,10,4,2024,173.25
أصول عسير,تثليث,حي الخزان,عسير,2024-11-06 10:00:00,2024-11-11 15:00:00,290000.0,290000.0,600.0,floor,0,3475000.0,6.398594934535208,483.3333333333333,11,2,10,4,2024,125.0
ليان الجنوب,جازان,حي الروضة,جازان,2024-11-08 07:00:00,2024-11-10 14:00:00,2900000.0,2900000.0,792.0,building,0,608000.0,6.675823221634848,3661.6161616161617,11,4,7,4,2024,55.0
فياض القصيم,بريدة,حي الجزيرة,القصيم,2024-11-03 07:00:00,2024-11-05 17:33:22,670000.0,720000.0,703.0,store,5,2942000.0,6.556778356158042,953.0583214793741,11,6,7,4,2024,58.556111111111115
جود الباحة,الباحة,برحرح,الباحة,2024-11-03 07:00:00,2024-11-05 15:03:47,180000.0,594000.0,2083.5,land,171,594000.0,7.642284297320852,86.39308855291577,11,6,7,4,2024,56.06305555555556
درر الحرم,مكة المكرمة,حي البحيرات,مكة المكرمة,2024-10-31 16:31:44,2024-10-31 16:42:09,200000.0,260000.0,211.28,villa,2,17640000.0,5.357906157959694,946.6111321469141,10,3,16,4,2024,0.1736111111111111
كنز الجوف,القريات,مركز الحديثة,الجوف,2024-10-27 07:00:00,2024-10-29 14:42:59,441000.0,1171000.0,3200.0,land,147,1171000.0,8.071218539969863,137.8125,10,6,7,4,2024,55.716388888888886
دانات حائل,حائل,البستان,حائل,2024-10-23 10:00:00,2024-10-28 19:00:30,174000.0,390000.0,1561.0,land,109,5406000.0,7.3537223303996315,111.46700832799488,10,2,10,4,2024,129.00833333333333
دانات حائل,حائل,حي النقرة,حائل,2024-10-23 10:00:00,2024-10-28 13:58:20,423000.0,613000.0,800.0,land,20,3595000.0,6.68586094706836,528.75,10,2,10,4,2024,123.97222222222223
فرص جازان,جازان,المحمدية الثانية,جازان,2024-10-22 10:00:00,2024-10-24 17:00:00,270000.0,270000.0,143.08,apartment,0,360000.0,4.9703687008677,1887.0561923399496,10,1,10,4,2024,55.0
الياقوت,خميس مشيط,⁠شعبة الهميلة,عسير,2024-10-19 10:00:00,2024-10-21 14:49:32,240000.0,800000.0,225.0,building,97,3160000.0,5.420534999272286,1066.6666666666667,10,5,10,4,2024,52.82555555555555
مزاد أصالة,تبوك,الفيصلية,تبوك,2024-10-13 13:00:00,2024-10-15 15:47:20,690000.0,1870000.0,1220.0,building,117,8370000.0,7.107425474110705,565.5737704918033,10,6,13,4,2024,50.78888888888889
نوادر الجنوب,خميس مشيط,مخطط جنوب خط المطار القديم,عسير,2024-10-12 10:00:00,2024-10-14 17:00:00,370000.0,370000.0,207.2,land,0,4647000.0,5.338499156180869,1785.7142857142858,10,5,10,4,2024,55.0
نوادر عرعر,عرعر,حي بدنة,الحدود الشمالية,2024-10-08 10:00:00,2024-10-10 17:00:00,250000.0,250000.0,630.0,land,0,980000.0,6.447305862541213,396.8253968253968,10,1,10,4,2024,55.0
رواسي الباحة,قلوة,وادي يحر,الباحة,2024-10-05 10:00:00,2024-10-07 15:40:00,225000.0,225000.0,1194.95,land,0,429000.0,7.086696127616614,188.29239717142977,10,5,10,4,2024,53.666666666666664
المجد,تثليث,الدائري الشمالي,عسير,2024-10-01 07:00:00,2024-10-03 15:00:00,300000.0,300000.0,600.0,floor,0,1220000.0,6.398594934535208,500.0,10,1,7,4,2024,56.0
مزاد نخبة تبوك,تبوك,حي الورود,تبوك,2024-09-30 13:00:00,2024-10-02 15:37:09,400000.0,735000.0,600.0,building,68,12325000.0,6.398594934535208,666.6666666666666,9,0,13,3,2024,50.619166666666665
أسس الشرقية,الدمام,حي النور,الشرقية,2024-09-28 07:00:00,2024-09-30 14:01:52,300000.0,300000.0,131.95,apartment,1,6930000.0,4.889973117689029,2273.5884804850325,9,5,7,3,2024,55.03111111111111
رواسي,بارق,بدون,عسير,2024-09-24 10:00:00,2024-09-26 17:00:00,410000.0,410000.0,1500.0,land,0,19180000.0,7.313886831633462,273.3333333333333,9,1,10,3,2024,55.0
سكن,الدلم,حي الناصرية,الرياض,2024-09-24 10:00:00,2024-09-26 13:30:00,195000.0,195000.0,690.0,land,1,690000.0,6.53813982376767,282.60869565217394,9,1,10,3,2024,51.5
جنى الشرقية,حفر الباطن,حي الواحة,الشرقية,2024-09-24 07:00:00,2024-09-25 14:30:19,235000.0,301000.0,500.0,land,34,700000.0,6.2166061010848646,470.0,9,1,7,3,2024,31.505277777777778
ثراء جازان,جازان,المحمدية الثانية,جازان,2024-09-15 10:00:00,2024-09-17 17:00:00,280000.0,280000.0,143.08,apartment,0,16000000.0,4.9703687008677,1956.9471624266143,9,6,10,3,2024,55.0
ركائز تبوك,تيماء,حي الروضة,تبوك,2024-09-10 13:00:00,2024-09-12 15:15:50,105000.0,156000.0,883.86,land,52,2586000.0,6.7854294404038455,118.79709456248727,9,1,13,3,2024,50.263888888888886
عمائر الشرقية,الدمام,حي النور,الشرقية,2024-09-09 10:00:00,2024-09-11 15:15:00,4650000.0,4650000.0,875.0,building,0,0.0,6.775366090936392,5314.285714285715,9,0,10,3,2024,53.25
تركة الشيخ محمد بن صالح الحمد,الرياض,حي الفيحاء,الرياض,2024-09-04 14:15:00,2024-09-09 14:06:25,1820000.0,3620000.0,900.0,land,31,20405000.0,6.803505257608338,2022.2222222222222,9,2,14,3,2024,119.85694444444445
مخطط الفيصل (تبوك),تبوك,مخطط الفيصل,تبوك,2024-09-02 13:00:00,2024-09-04 17:00:00,375000.0,375000.0,500.0,land,0,0.0,6.2166061010848646,750.0,9,0,13,3,2024,52.0
ثمار الرياض,الرياض,حي منفوحة الجديدة,الرياض,2024-09-01 10:00:00,2024-09-03 13:59:39,440000.0,1870000.0,135.0,building,118,18820000.0,4.912654885736052,3259.259259259259,9,6,10,3,2024,51.994166666666665
نوادر الشرقية,راس تنورة,حي الفيحاء,الشرقية,2024-08-26 06:00:00,2024-08-28 18:02:44,610000.0,690000.0,516.75,construction,7,7625000.0,6.249492500275694,1180.4547653604257,8,0,6,3,2024,60.04555555555555
بيان الخبر - القطع السكنية,الخبر,حي المها,الشرقية,2024-08-20 13:00:00,2024-08-27 17:39:46,600000.0,765000.0,752.84,land,10,7900000.0,6.6251801438985005,796.9820944689442,8,1,13,3,2024,172.6627777777778
أصايل عسير,خميس مشيط,مخطط جنوب خط المطار القديم,عسير,2024-08-25 10:00:00,2024-08-27 16:36:23,260000.0,305000.0,240.0,villa,10,2825000.0,5.484796933490655,1083.3333333333333,8,6,10,3,2024,54.60638888888889
مزين,الهفوف,بني معن,الشرقية,2024-08-18 06:00:00,2024-08-19 18:00:00,100000.0,103000.0,79.52,land,1,1283000.0,4.388505600771591,1257.5452716297787,8,6,6,3,2024,36.0
أطياف عسير,ابها,المحالة,عسير,2024-08-17 10:00:00,2024-08-19 16:04:21,700000.0,1540000.0,450.0,land,83,2100000.0,6.111467339502679,1555.5555555555557,8,5,10,3,2024,54.0725
مدار الاستثمار,الرياض,حي الملقا,الرياض,2024-08-10 10:00:00,2024-08-15 14:00:00,4990000.0,8290000.0,900.0,land,34,47100000.0,6.803505257608338,5544.444444444444,8,5,10,3,2024,124.0
مزاد الغروب,الرياض,حي الوسيطاء,الرياض,2024-08-11 10:00:00,2024-08-13 14:35:37,470000.0,704000.0,154.08,building,79,10227000.0,5.043941112802728,3050.363447559709,8,6,10,3,2024,52.59361111111111
آخر فرصة,بيشة,حي الملك عبدالله,عسير,2024-08-06 08:00:00,2024-08-08 17:19:10,206000.0,277000.0,639.0,land,70,11762300.0,6.461468176353717,322.3787167449139,8,1,8,3,2024,57.31944444444444
نسيم عسير,بيشة,تبالة,عسير,2024-08-05 10:00:00,2024-08-07 16:45:00,220000.0,220000.0,800.0,villa,0,857000.0,6.68586094706836,275.0,8,0,10,3,2024,54.75
مزاد أصايل تبوك,تيماء,الرحمانية,تبوك,2024-08-05 13:00:00,2024-08-07 15:10:58,85000.0,173000.0,600.0,land,86,11680000.0,6.398594934535208,141.66666666666666,8,0,13,3,2024,50.18277777777778
تولان,الخبر,حي الجوهرة,الشرقية,2024-07-22 06:10:00,2024-07-24 18:14:03,2900000.0,4540000.0,879.5,building,79,11045000.0,6.7804899279362605,3297.328027288232,7,0,6,3,2024,60.0675
تركة الشيخ محمد بن صالح الحمد,الرياض,حي ظهرة لبن,الرياض,2024-07-17 10:00:00,2024-07-22 14:04:08,2315000.0,3215000.0,900.0,land,28,18735000.0,6.803505257608338,2572.222222222222,7,2,10,3,2024,124.06888888888889
نسايم جدة,جدة,حي بلدة ذهبان,مكة المكرمة,2024-06-25 10:30:00,2024-07-04 18:00:00,940000.0,940000.0,280.0,villa,0,0.0,5.638354669333745,3357.1428571428573,6,1,10,2,2024,223.5
جوهرة بيشة المجموعة الخامسة,بيشة,حي الملك عبدالله,عسير,2024-06-25 13:00:00,2024-07-02 19:00:00,205000.0,205000.0,639.55,land,1,4822000.0,6.462327182302443,320.5378781956063,6,1,13,2,2024,174.0
جوهرة بيشة المجموعة الرابعة,بيشة,حي الملك عبدالله,عسير,2024-06-25 13:00:00,2024-07-01 19:00:00,180000.0,180000.0,600.0,land,0,1751000.0,6.398594934535208,300.0,6,1,13,2,2024,150.0
جوهرة بيشة المجموعة الثالثة,بيشة,حي الملك عبدالله,عسير,2024-06-25 13:00:00,2024-06-30 19:04:30,212000.0,232000.0,600.0,land,5,4229000.0,6.398594934535208,353.3333333333333,6,1,13,2,2024,126.075
جوهرة بيشة المجموعة الثانية,بيشة,حي الملك عبدالله,عسير,2024-06-25 13:00:00,2024-06-29 19:00:00,207000.0,207000.0,644.3,land,1,3296000.0,6.469715324941794,321.2789073413007,6,1,13,2,2024,102.0
جوهرة بيشة المجموعة الاولى,بيشة,حي الملك عبدالله,عسير,2024-06-25 13:00:00,2024-06-28 19:07:29,167000.0,202000.0,550.0,land,8,4942000.0,6.311734809152915,303.6363636363636,6,1,13,2,2024,78.12472222222222
درة المروج,تبوك,الزهور,تبوك,2024-06-25 13:00:00,2024-06-27 15:07:18,655000.0,715000.0,662.9,building,7,7885000.0,6.498131535725114,988.0826670689395,6,1,13,2,2024,50.12166666666667
نخبة الجنوب,ابها,ابو عربي بلاد بني مالك,عسير,2024-06-24 10:00:00,2024-06-26 16:21:01,1930000.0,2730000.0,3145.3,land,17,2730000.0,8.053982438258092,613.6139636918576,6,0,10,2,2024,54.35027777777778
آصال,النعيرية,حي الخليج,الشرقية,2024-06-11 06:00:00,2024-06-12 18:05:40,210000.0,250000.0,850.0,land,9,17200000.0,6.7464121285733745,247.05882352941177,6,1,6,2,2024,36.09444444444444
مزاد أعالي,الرياض,حي المنار,الرياض,2024-06-09 10:00:00,2024-06-11 17:00:00,1770000.0,1770000.0,500.0,villa,0,57830000.0,6.2166061010848646,3540.0,6,6,10,2,2024,55.0
مخطط الجامعة,تبوك,حي الجامعة,تبوك,2024-06-04 15:00:00,2024-06-06 16:03:32,270000.0,870000.0,1056.0,land,12,4270000.0,6.963189985870238,255.6818181818182,6,1,15,2,2024,49.05888888888889
جوهرة الرمال,الرياض,حي الرمال,الرياض,2024-06-03 10:00:00,2024-06-06 14:00:00,7500000.0,7500000.0,1994.4,land,0,0.0,7.598599810479407,3760.5294825511432,6,0,10,2,2024,76.0
مكاسب حائل,حائل,حي السمراء,حائل,2024-06-02 09:25:00,2024-06-05 16:45:00,105000.0,105000.0,250.0,land,0,580000.0,5.5254529391317835,420.0,6,6,9,2,2024,79.33333333333333
أشدان جدة,جدة,حي المروة,مكة المكرمة,2024-05-30 07:00:00,2024-06-02 11:23:08,1900000.0,2140000.0,667.0,building,8,29150000.0,6.504288173536645,2848.575712143928,5,3,7,2,2024,76.38555555555556
منازل المهدية,الرياض,حي المهدية,الرياض,2024-05-26 10:30:00,2024-05-29 14:00:00,2500000.0,2500000.0,400.0,building,0,0.0,5.993961427306569,6250.0,5,6,10,2,2024,75.5
جود,الهفوف,حي السليمانية,الشرقية,2024-05-19 06:00:00,2024-05-21 18:07:25,720000.0,910000.0,720.0,villa,19,8846000.0,6.580639137284949,1000.0,5,6,6,2,2024,60.12361111111111
عوائد المستثمر,تبوك,حي السليمانية,تبوك,2024-05-19 13:00:00,2024-05-21 15:17:30,1500000.0,3220000.0,1500.0,building,42,5070000.0,7.313886831633462,1000.0,5,6,13,2,2024,50.291666666666664
صفوة الخميس,خميس مشيط,حي قمبر,عسير,2024-05-14 10:00:00,2024-05-16 16:19:16,237000.0,712000.0,225.0,land,96,9045000.0,5.420534999272286,1053.3333333333333,5,1,10,2,2024,54.32111111111111
عوائد البركة,المجمعة,حي اليرموك,الرياض,2024-05-13 09:00:00,2024-05-16 15:03:30,2800000.0,2875000.0,400.0,market,4,2875000.0,5.993961427306569,7000.0,5,0,9,2,2024,78.05833333333334
بشائر تبوك,تبوك,الزهور,تبوك,2024-05-13 13:00:00,2024-05-15 15:00:00,840000.0,840000.0,662.9,building,0,595000.0,6.498131535725114,1267.1594508975713,5,0,13,2,2024,50.0
نواصي الخير,الرياض,حي الخير,الرياض,2024-05-09 10:00:00,2024-05-14 15:03:47,1065000.0,1485000.0,825.0,land,14,16045000.0,6.716594773520978,1290.909090909091,5,3,10,2,2024,125.06305555555555
سماء بيشة - المجموعة السادسة,بيشة,حي الملك عبدالله,عسير,2024-05-01 13:00:00,2024-05-13 19:10:48,247000.0,382000.0,599.0,land,26,8894000.0,6.396929655216146,412.35392320534226,5,2,13,2,2024,294.18
سماء بيشة - المجموعة الخامسة,بيشة,حي الملك عبدالله,عسير,2024-05-01 13:00:00,2024-05-12 19:00:00,197000.0,197000.0,492.45,land,1,4666000.0,6.2014215366180165,400.04061326022946,5,2,13,2,2024,270.0
سماء بيشة - المجموعة الرابعة,بيشة,حي الملك عبدالله,عسير,2024-05-01 13:00:00,2024-05-11 19:10:37,223000.0,268000.0,610.5,land,10,5327000.0,6.415914955127227,365.27436527436527,5,2,13,2,2024,246.17694444444444
سماء بيشة - المجموعة الثالثة,بيشة,حي الملك عبدالله,عسير,2024-05-01 13:00:00,2024-05-10 19:01:18,251000.0,251000.0,604.85,land,1,6789000.0,6.406632430677532,414.97892039348596,5,2,13,2,2024,222.02166666666668
سماء بيشة - المجموعة الثانية,بيشة,حي الملك عبدالله,عسير,2024-05-01 13:00:00,2024-05-09 19:00:00,247000.0,247000.0,560.5,land,0,8296000.0,6.3306117741784975,440.6779661016949,5,2,13,2,2024,198.0
سماء بيشة - المجموعة الأولى,بيشة,حي الملك عبدالله,عسير,2024-05-01 13:00:00,2024-05-08 19:00:00,362000.0,362000.0,973.5,land,0,11620000.0,6.881924518947615,371.85413456599895,5,2,13,2,2024,174.0
نواحي,الرياض,حي العوالي,الرياض,2024-05-05 10:00:00,2024-05-07 17:47:58,1460000.0,2400000.0,900.0,land,45,15055000.0,6.803505257608338,1622.2222222222222,5,6,10,2,2024,55.79944444444445
درة الريان,تبوك,الفيصلية,تبوك,2024-05-05 13:00:00,2024-05-07 15:00:00,450000.0,450000.0,695.34,building,1,28459000.0,6.545838046801458,647.1654154801967,5,6,13,2,2024,50.0
سنا الحرم,مكة المكرمة,حي كدي,مكة المكرمة,2024-04-24 11:00:00,2024-04-29 15:30:00,5104000.0,5104000.0,2000.005,land,0,43840000.0,7.6014048333312365,2551.99362001595,4,2,11,2,2024,124.5
جزيل,الهفوف,حي التعاون,الشرقية,2024-04-24 06:00:00,2024-04-25 18:02:40,500000.0,595000.0,241.84,building,20,5275000.0,5.492402790262234,2067.4826331458817,4,2,6,2,2024,36.044444444444444
منارة الباحة,الباحة,المفارجة ( المنار ),الباحة,2024-04-23 10:00:00,2024-04-25 16:59:07,154000.0,159000.0,410.0,land,2,754500.0,6.018593214496234,375.609756097561,4,1,10,2,2024,54.985277777777775
أصائل حائل,حائل,حي النقرة قفار,حائل,2024-04-18 11:00:00,2024-04-24 15:30:00,2017000.0,2017000.0,1070.6,villa,1,73273000.0,6.976908137670454,1883.990285821035,4,3,11,2,2024,148.5
أصائل بريدة,بريدة,حي الغدير,القصيم,2024-04-18 11:00:00,2024-04-24 14:00:00,299000.0,299000.0,920.41,land,0,6375000.0,6.825905105492629,324.85522756163016,4,3,11,2,2024,147.0
آفاق جازان,صامطة,قرية الوتد,جازان,2024-04-21 10:00:00,2024-04-23 17:32:30,245000.0,382500.0,2396.03,farm,54,2458000.0,7.78198575000062,102.25247597066814,4,6,10,2,2024,55.541666666666664
شموخ عسير,خميس مشيط,حي الخالدية,عسير,2024-04-15 10:00:00,2024-04-18 17:12:00,312000.0,1052000.0,255.0,building,65,20625000.0,5.545177444479562,1223.5294117647059,4,0,10,2,2024,79.2
وجهة,مكة المكرمة,حي المعابدة,مكة المكرمة,2024-04-16 07:00:00,2024-04-18 12:00:00,220000.0,220000.0,148.13,floor,0,11955000.0,5.004818408774691,1485.1819347870114,4,1,7,2,2024,53.0
أطياف حائل - المجموعة الثالثة,حائل,حي قفار,حائل,2024-04-13 11:00:00,2024-04-17 18:30:00,196000.0,196000.0,630.0,land,0,0.0,6.447305862541213,311.1111111111111,4,5,11,2,2024,103.5
أطياف حائل - المجموعة الرابعة,حائل,حي النقرة قفار,حائل,2024-04-13 11:00:00,2024-04-17 18:00:00,595000.0,595000.0,806.0,land,0,0.0,6.693323668269949,738.213399503722,4,5,11,2,2024,103.0
أطياف حائل - المجموعة الثانية,حائل,مخطط الشتوي,حائل,2024-04-13 11:00:00,2024-04-17 17:21:37,501000.0,511000.0,600.0,land,2,2170000.0,6.398594934535208,835.0,4,5,11,2,2024,102.36027777777778
أطياف حائل - المجموعة الأولى,حائل,حي قفار,حائل,2024-04-13 11:00:00,2024-04-16 18:30:00,234000.0,234000.0,616.68,land,0,2122000.0,6.425970524000561,379.45125510799767,4,5,11,2,2024,79.5
جنان حائل,حائل,الجبلين,حائل,2024-04-13 10:00:00,2024-04-16 14:00:04,1809000.0,1809000.0,1339.76,land,0,1673000.0,7.200991896347247,1350.2418343583925,4,5,10,2,2024,76.00111111111111
نسايم جدة,جدة,حي بلدة ذهبان,مكة المكرمة,2024-03-31 10:00:00,2024-04-04 23:00:00,940000.0,940000.0,280.0,villa,0,0.0,5.638354669333745,3357.1428571428573,3,6,10,1,2024,109.0
أصول الشرق,تاروت,حي سنابس,الشرقية,2024-03-30 10:00:00,2024-04-01 20:30:00,255000.0,259000.0,151.0,villa,3,4324000.0,5.0238805208462765,1688.7417218543046,3,5,10,1,2024,58.5
رحاب الباطن,القيصومة,حي الفيصلية,الشرقية,2024-03-30 06:00:00,2024-04-01 18:27:05,90000.0,160000.0,591.25,floor,68,6912000.0,6.383928843038895,152.2198731501057,3,5,6,1,2024,60.451388888888886
أصالة عسير,خميس مشيط,حي ام سرور,عسير,2024-03-29 13:00:00,2024-03-31 20:00:00,1800000.0,1800000.0,480.0,building,0,0.0,6.175867270105761,3750.0,3,4,13,1,2024,55.0
مزاد مشارف جازان,صامطة,حي الركوبة,جازان,2024-03-26 10:00:00,2024-03-28 20:32:03,20000.0,58000.0,35.0,land,38,594000.0,3.58351893845611,571.4285714285714,3,1,10,1,2024,58.534166666666664
مزاد بصائر,العيينة,حي نجد,الرياض,2024-03-26 10:00:00,2024-03-28 20:15:00,1349000.0,1349000.0,745.6,villa,1,18326000.0,6.615529566480483,1809.2811158798283,3,1,10,1,2024,58.25
مزاد الفرقان,بريدة,حي الشروق,القصيم,2024-03-25 08:00:00,2024-03-27 20:00:00,117000.0,117000.0,337.47,land,0,591000.0,5.824435462132321,346.6974842208196,3,0,8,1,2024,60.0
إشراقه,جدة,حي الوفاء,مكة المكرمة,2024-03-18 12:00:00,2024-03-20 21:30:00,636000.0,636000.0,900.0,land,0,23190000.0,6.803505257608338,706.6666666666666,3,0,12,1,2024,57.5
ميار الشرق,الدمام,حي النور,الشرقية,2024-03-18 08:25:00,2024-03-19 19:31:31,548000.0,608000.0,486.25,land,4,1412000.0,6.18877733838767,1126.9922879177377,3,0,8,1,2024,35.10861111111111
خيرات جازان,صامطة,حي صامطة,جازان,2024-03-16 10:00:00,2024-03-18 20:03:15,95000.0,203000.0,280.14,villa,36,333000.0,5.63885276590362,339.1161562076105,3,5,10,1,2024,58.05416666666667
ضواحي نجران,نجران,حي الفيصلية,نجران,2024-03-15 13:00:00,2024-03-18 19:40:00,415000.0,415000.0,600.0,floor,0,0.0,6.398594934535208,691.6666666666666,3,4,13,1,2024,78.66666666666667
نخبة الريان,تبوك,حي الريان,تبوك,2024-03-04 10:00:00,2024-03-06 15:30:00,200000.0,560000.0,594.0,land,13,6115000.0,6.38856140554563,336.7003367003367,3,0,10,1,2024,53.5
عناقيد,الرياض,حي بنبان,الرياض,2024-03-03 11:00:00,2024-03-05 16:12:09,1850000.0,2300000.0,810.0,land,10,2300000.0,6.698268054115413,2283.9506172839506,3,6,11,1,2024,53.2025
سنابل الحرمين,المدينة المنورة,حي خاخ,المدينة المنورة,2024-02-25 13:00:00,2024-02-29 16:00:00,2400000.0,2400000.0,317.58,land,0,0.0,5.763873620866492,7557.150954090308,2,6,13,1,2024,99.0
رواد الصناعة,الطائف,حي المعارض,مكة المكرمة,2024-02-25 11:30:00,2024-02-28 11:47:34,492000.0,1032000.0,916.43,land,55,1913000.0,6.8215762827402395,536.8658817367393,2,6,11,1,2024,72.29277777777777
البرادي,ابها,حي المروج,عسير,2024-02-18 09:00:00,2024-02-25 18:30:00,2500000.0,2500000.0,2500.0,rest,0,13900000.0,7.824445930877619,1000.0,2,6,9,1,2024,177.5
ياقوت الرياض,الرياض,حي الملز,الرياض,2024-02-19 11:00:00,2024-02-21 16:00:00,2015000.0,2015000.0,610.0,building,1,22585000.0,6.415096959171596,3303.27868852459,2,0,11,1,2024,53.0
أراضي تبوك,بئر بن هرماس,البئر,تبوك,2024-02-19 17:00:00,2024-02-21 15:05:09,102000.0,237000.0,608.0,land,28,1873000.0,6.411818267709897,167.76315789473685,2,0,17,1,2024,46.08583333333333
بدور الشرقية,الدمام,حي الراكة الشمالية,الشرقية,2024-02-15 06:00:00,2024-02-18 18:00:00,995000.0,995000.0,620.5,building,0,14965000.0,6.432135910950766,1603.5455278001612,2,3,6,1,2024,84.0
عيون حائل - المجموعة الثالثة,حائل,مخطط التنمية,حائل,2024-02-07 11:11:00,2024-02-14 18:00:00,215000.0,217000.0,620.44,land,1,866000.0,6.432039365662906,346.5282702598156,2,2,11,1,2024,174.81666666666666
عيون حائل - المجموعة الثانية,حائل,مخطط الشتوي,حائل,2024-02-07 11:25:00,2024-02-13 18:00:00,550000.0,550000.0,600.0,land,0,5055000.0,6.398594934535208,916.6666666666666,2,2,11,1,2024,150.58333333333334
عيون حائل - المجموعة الأولى,حائل,مخطط الشتوي,حائل,2024-02-07 11:25:00,2024-02-12 18:00:00,550000.0,550000.0,600.0,land,1,10838000.0,6.398594934535208,916.6666666666666,2,2,11,1,2024,126.58333333333333
عُلْوَ,مكة المكرمة,حي الخالدية,مكة المكرمة,2024-02-05 08:00:00,2024-02-07 12:50:00,350000.0,350000.0,183.64,building,1,6778000.0,5.218407983319735,1905.9028534088436,2,0,8,1,2024,52.833333333333336
جواهر جيزان,جازان,حي الزهور,جازان,2024-02-04 13:00:00,2024-02-06 16:47:00,402000.0,402000.0,577.82,land,1,3407000.0,6.360991548410517,695.7183898099754,2,6,13,1,2024,51.78333333333333
ريحانة الرحمانية,الخرج,حي الرفيعة,الرياض,2024-01-30 11:00:00,2024-02-05 16:09:40,765000.0,1650000.0,1125.0,land,135,6918000.0,7.026426808699636,680.0,1,1,11,1,2024,149.1611111111111
مخطط الراية,تبوك,الراية,تبوك,2024-01-28 10:00:00,2024-01-30 16:25:00,337000.0,337000.0,581.73,land,0,321000.0,6.3677239572926005,579.3065511491585,1,6,10,1,2024,54.416666666666664
سهم تبوك,تبوك,حي الفيصلية الجنوبية,تبوك,2024-01-23 17:00:00,2024-01-25 15:04:19,1995000.0,5115000.0,1200.0,building,93,8991000.0,7.0909098220799835,1662.5,1,1,17,1,2024,46.07194444444445
لآلئ الشرقية,الدمام,حي الحمراء,الشرقية,2024-01-21 06:00:00,2024-01-23 18:00:00,940000.0,960000.0,560.0,land,3,960000.0,6.329720905522696,1678.5714285714287,1,6,6,1,2024,60.0
الساحل الجنوبي,القنفذة,حي الشرقية,مكة المكرمة,2024-01-21 13:30:00,2024-01-23 16:53:42,85200.0,165200.0,500.0,land,65,492400.0,6.2166061010848646,170.4,1,6,13,1,2024,51.395
نوادر جازان,جازان,حي السويس,جازان,2024-01-17 13:00:00,2024-01-19 16:30:44,350000.0,350000.0,540.13,land,1,11767000.0,6.293659545728696,647.9921500379538,1,2,13,1,2024,51.51222222222222
وارف حائل المجموعة الثالثة,حائل,الصناعية الجديدة,حائل,2024-01-08 10:00:00,2024-01-17 18:09:37,515000.0,765000.0,405.2,land,26,12760000.0,6.0068456491462845,1270.9772951628825,1,0,10,1,2024,224.16027777777776
ليان الشرق,الدمام,حي الفيصلية,الشرقية,2024-01-14 06:00:00,2024-01-16 18:54:00,1075000.0,1875000.0,601.75,land,77,11501000.0,6.401502517061281,1786.4561695056086,1,6,6,1,2024,60.9
أصائل الشرق,الرياض,حي السلي,الرياض,2024-01-14 10:00:00,2024-01-16 18:47:54,3200000.0,3950000.0,2400.0,store,16,35255000.0,7.783640596221253,1333.3333333333333,1,6,10,1,2024,56.79833333333333
وارف حائل المجموعة الثانية,حائل,الصناعية الجديدة,حائل,2024-01-08 10:00:00,2024-01-16 18:18:10,5164000.0,6744000.0,1671.0,land,80,30766000.0,7.421775793644647,3090.365050867744,1,0,10,1,2024,200.30277777777778
مزاد درة اليمامة 2,الرياض,حي الديرة,الرياض,2024-01-14 10:00:00,2024-01-16 17:30:00,134000.0,136000.0,138.51,land,1,5506000.0,4.938136283280016,967.4391740668544,1,6,10,1,2024,55.5
وارف حائل المجموعة الأولى,حائل,الصناعية الجديدة,حائل,2024-01-08 10:00:00,2024-01-15 18:05:58,1029000.0,1719000.0,600.0,land,52,32181000.0,6.398594934535208,1715.0,1,0,10,1,2024,176.09944444444446
جوهرة المصيف,تبوك,المصيف 3,تبوك,2024-01-01 17:00:00,2024-01-03 14:46:35,7583000.0,12183000.0,1741.0,building,37,17039000.0,7.462789157412448,4355.542791499139,1,0,17,1,2024,45.77638888888889
فرص المستثمر,تبوك,حي النهضة,تبوك,2023-12-24 17:05:00,2023-12-26 14:37:11,1194000.0,1254000.0,420.0,building,7,3510000.0,6.042632833682381,2842.8571428571427,12,6,17,4,2023,45.53638888888889
درة الحمدانية,جدة,حي أم حبلين الغربية,مكة المكرمة,2023-12-10 10:00:00,2023-12-14 17:25:00,3651624.0,3651624.0,1521.0,land,0,0.0,7.3277805384216315,2400.804733727811,12,6,10,4,2023,103.41666666666667
ردسي فيو,جدة,حي الشاطئ,مكة المكرمة,2023-12-13 07:00:00,2023-12-14 13:00:00,1300000.0,1300000.0,207.88,apartment,0,2800000.0,5.341759924390874,6253.607850683086,12,2,7,4,2023,30.0
ضفاف الشرقية,سيهات,حي الديرة,الشرقية,2023-12-10 07:10:00,2023-12-13 18:39:30,724000.0,1099000.0,312.53,building,76,9800000.0,5.747895049274522,2316.5776085495795,12,6,7,4,2023,83.49166666666666
مفاز,الرياض,حي الخير,الرياض,2023-12-02 10:00:00,2023-12-06 13:59:58,745000.0,975000.0,750.0,land,24,45485000.0,6.621405651764134,993.3333333333334,12,5,10,4,2023,99.99944444444445
الفرص السكنية,تبوك,حي الفيصلية الشمالية,تبوك,2023-11-28 17:00:00,2023-11-30 15:00:00,816000.0,836000.0,1364.0,land,2,2570000.0,7.21890970761906,598.2404692082112,11,1,17,4,2023,46.0
واحات الشرقية,الخبر,حي الخبر الشمالية,الشرقية,2023-11-26 06:00:00,2023-11-28 18:03:00,306000.0,676000.0,111.25,building,38,6748400.0,4.720728526622364,2750.561797752809,11,6,6,4,2023,60.05
مزاد الوسم,الزلفي,حي الخالدية,الرياض,2023-11-26 10:17:00,2023-11-28 17:30:24,152000.0,242000.0,625.0,villa,18,1134500.0,6.439350371100098,243.2,11,6,10,4,2023,55.223333333333336
أطياف الباطن,حفر الباطن,حي ابو موسى الاشعري,الشرقية,2023-11-19 10:00:00,2023-11-22 15:24:33,102900.0,622900.0,29.75,market,103,9547700.0,3.4258899942525267,3458.823529411765,11,6,10,4,2023,77.40916666666666
رحاب,حائل,حي العزيزية,حائل,2023-11-19 07:00:00,2023-11-21 15:20:00,158000.0,158000.0,390.0,floor,1,9171000.0,5.968707559985366,405.12820512820514,11,6,7,4,2023,56.333333333333336
ديار الشرقية,الدمام,حي النورس,الشرقية,2023-11-12 06:00:00,2023-11-15 18:30:00,2606000.0,2606000.0,1364.79,land,0,12552000.0,7.219488294783974,1909.4512708914924,11,6,6,4,2023,84.5
نهضة تبوك,تبوك,حي الفيصلية الجنوبية,تبوك,2023-11-12 17:00:00,2023-11-14 15:38:05,2050000.0,4450000.0,752.85,land,49,6931000.0,6.625193409224927,2722.9859865843127,11,6,17,4,2023,46.63472222222222
إشراق,الرياض,حي النسيم الشرقي,الرياض,2023-11-07 10:00:00,2023-11-12 15:04:44,1986000.0,2966000.0,1500.0,rest,50,34805000.0,7.313886831633462,1324.0,11,1,10,4,2023,125.07888888888888
نفائس حائل - العقارات السكنية والتجارية,حائل,حي المحطة,حائل,2023-11-02 10:00:00,2023-11-08 18:00:00,838000.0,838000.0,499.88,land,0,7062000.0,6.216366551437055,1676.4023365607745,11,3,10,4,2023,152.0
نفائس حائل - أراضي مخطط اليرموك,حائل,حي النقرة,حائل,2023-11-02 10:00:00,2023-11-08 16:58:45,697000.0,1077000.0,714.39,land,77,10147000.0,6.572827848533204,975.6575539971165,11,3,10,4,2023,150.97916666666666
مزاد الجال,الخرج,حي الزاهر,الرياض,2023-11-05 10:00:00,2023-11-07 18:00:00,501000.0,501000.0,1035.0,rest,0,720000.0,6.943122422819428,484.05797101449275,11,6,10,4,2023,56.0
أفنان,الدمام,حي الدواسر,الشرقية,2023-10-29 06:00:00,2023-10-31 17:49:39,538000.0,678000.0,453.65,land,8,6753000.0,6.119527892171922,1185.9362945001653,10,6,6,4,2023,59.8275
بوابة الشمال,تبوك,الأحياء الجنوبية,تبوك,2023-10-24 17:00:00,2023-10-26 15:00:00,133000.0,133000.0,128.5,land,0,1509000.0,4.863680881139593,1035.0194552529183,10,1,17,4,2023,46.0
ربى الباطن,حفر الباطن,حي فليج,الشرقية,2023-10-22 06:00:00,2023-10-25 18:09:05,165000.0,290000.0,500.0,land,26,4163000.0,6.2166061010848646,330.0,10,6,6,4,2023,84.15138888888889
سديم الباطن,حفر الباطن,حي ابو موسى الاشعري,الشرقية,2023-10-16 06:00:00,2023-10-19 17:41:28,1551000.0,2051000.0,720.0,land,6,29092000.0,6.580639137284949,2154.1666666666665,10,0,6,4,2023,83.69111111111111
مساكن القريات,القريات,حي العزيزية,الجوف,2023-10-17 17:00:00,2023-10-19 15:00:00,275500.0,275500.0,1380.21,land,0,0.0,7.230715205570717,199.60730613457372,10,1,17,4,2023,46.0
مزاد فيلا النرجس,الرياض,حي النرجس,الرياض,2023-10-16 11:00:00,2023-10-18 18:26:48,2400000.0,2600000.0,326.19,villa,5,2600000.0,5.7905410419143655,7357.674974707992,10,0,11,4,2023,55.446666666666665
درر الباطن,حفر الباطن,حي فليج,الشرقية,2023-10-15 06:00:00,2023-10-18 18:02:30,266000.0,346000.0,480.0,land,16,22331000.0,6.175867270105761,554.1666666666666,10,6,6,4,2023,84.04166666666667
مستودعات الجنوب,نجران,حي الفيصلية,نجران,2023-10-16 17:00:00,2023-10-18 15:13:22,3100000.0,5050000.0,1920.0,store,40,5050000.0,7.560601162768557,1614.5833333333333,10,0,17,4,2023,46.22277777777778
جوديان,الطائف,العرفاء,مكة المكرمة,2023-10-15 07:00:00,2023-10-17 14:00:00,182000.0,182000.0,400.0,villa,0,1247000.0,5.993961427306569,455.0,10,6,7,4,2023,55.0
مساكن تبوك,تبوك,حي النهضة,تبوك,2023-10-09 17:00:00,2023-10-11 15:23:38,425000.0,1035000.0,550.5,land,62,4329000.0,6.312641838693557,772.0254314259764,10,0,17,4,2023,46.39388888888889
المعالي,رماح,مخطط 293,الرياض,2023-09-27 10:00:00,2023-10-02 14:30:00,663000.0,663000.0,600.0,villa,0,17763000.0,6.398594934535208,1105.0,9,2,10,3,2023,124.5
ليوان,جدة,حي الوفاء,مكة المكرمة,2023-10-01 07:00:00,2023-10-02 14:08:00,968000.0,968000.0,612.54,land,1,5812000.0,6.419245461699561,1580.304959676103,10,6,7,4,2023,31.133333333333333
مستقبل الغربية,جدة,حي بلدة ذهبان,مكة المكرمة,2023-09-20 09:20:00,2023-09-21 14:00:00,822000.0,822000.0,1181.25,land,0,797000.0,7.075174681523985,695.8730158730159,9,2,9,3,2023,28.666666666666668
رواسي مكة,مكة المكرمة,مخطط ولي العهد9 جزء (ب),مكة المكرمة,2023-09-17 11:00:00,2023-09-20 17:00:00,38100.0,38100.0,71.634,land,1,3720100.0,4.2854331317626,531.8703408995729,9,6,11,3,2023,78.0
مخطط البستان - المجموعة الخامسة,حائل,حي قفار,حائل,2023-09-04 10:00:00,2023-09-14 18:00:00,222000.0,222000.0,616.68,land,0,3648000.0,6.425970524000561,359.99221638451064,9,0,10,3,2023,248.0
مخطط البستان - المجموعة الرابعة,حائل,حي قفار,حائل,2023-09-04 10:00:00,2023-09-13 18:00:00,248000.0,248000.0,1561.0,land,0,3649000.0,7.3537223303996315,158.87251761691223,9,0,10,3,2023,224.0
البشاير الأحساء,المبرز,حي الشروفية,الشرقية,2023-09-10 08:00:00,2023-09-12 19:11:20,440000.0,630000.0,300.2,building,35,7035000.0,5.707774495925738,1465.6895403064625,9,6,8,3,2023,59.18888888888889
مخطط البستان - المجموعة الثالثة,حائل,حي قفار,حائل,2023-09-04 10:00:00,2023-09-12 18:00:00,1154000.0,1154000.0,3241.7,land,1,7536000.0,8.084161595090267,355.98605669864577,9,0,10,3,2023,200.0
طوق الجنوب,شرورة,حي الفهد,نجران,2023-09-10 08:00:09,2023-09-12 15:00:00,493000.0,493000.0,900.0,villa,0,14144400.0,6.803505257608338,547.7777777777778,9,6,8,3,2023,54.9975
مخطط البستان - المجموعة الثانية,حائل,حي قفار,حائل,2023-09-04 10:00:00,2023-09-11 18:05:29,142000.0,182000.0,400.0,land,7,7007000.0,5.993961427306569,355.0,9,0,10,3,2023,176.0913888888889
مخطط البستان - المجموعة الأولى,حائل,حي قفار,حائل,2023-09-04 10:00:00,2023-09-10 18:00:40,170000.0,230000.0,393.23,land,10,6495000.0,5.976934495323657,432.3169646263001,9,0,10,3,2023,152.01111111111112
ثمار الباطن,الخفجي,حي الملك فهد,الشرقية,2023-09-03 06:00:00,2023-09-07 18:00:00,360000.0,360000.0,500.0,floor,1,728000.0,6.2166061010848646,720.0,9,6,6,3,2023,108.0
مزاد نقوة,الرياض,حي احد,الرياض,2023-09-02 07:00:00,2023-09-07 14:00:00,500000.0,500000.0,625.0,land,0,2300000.0,6.439350371100098,800.0,9,5,7,3,2023,127.0
إيوان,الخبر,حي الثقبة,الشرقية,2023-09-03 11:00:00,2023-09-06 14:00:00,445000.0,445000.0,325.58,villa,0,2338000.0,5.788674941674164,1366.79157196388,9,6,11,3,2023,75.0
العرين,احد رفيده,حي النهضة,عسير,2023-08-31 07:00:00,2023-09-02 12:56:21,465000.0,605000.0,700.0,land,13,605000.0,6.55250788703459,664.2857142857143,8,3,7,3,2023,53.939166666666665
مزاد ثمار الحجاز,جدة,حي البلد,مكة المكرمة,2023-08-27 07:00:00,2023-08-28 14:00:39,951000.0,3171000.0,156.0,building,98,6227000.0,5.056245805348308,6096.153846153846,8,6,7,3,2023,31.010833333333334
مزاد روابي نجد,الدوادمي,وثيلان الغربي,الرياض,2023-08-20 12:00:00,2023-08-24 18:00:00,105000.0,105000.0,625.0,land,0,276400.0,6.439350371100098,168.0,8,6,12,3,2023,102.0
مستقبل رماح 2,رماح,مخطط 293,الرياض,2023-08-20 08:00:00,2023-08-23 18:42:08,439000.0,454000.0,1320.0,land,4,1106000.0,7.186144304522325,332.57575757575756,8,6,8,3,2023,82.70222222222222
مزاد أطياف المدينة,المدينة المنورة,وادي الفرع,المدينة المنورة,2023-08-16 11:00:00,2023-08-21 15:00:16,46100.0,46100.0,800.0,land,1,45504500.0,6.68586094706836,57.625,8,2,11,3,2023,124.00444444444445
مزاد فيلا حطين والمصيف,الرياض,حي المصيف,الرياض,2023-08-15 07:00:00,2023-08-17 15:26:44,1656000.0,2806000.0,600.0,villa,23,6737000.0,6.398594934535208,2760.0,8,1,7,3,2023,56.44555555555556
مزاد أصول الرياض,الرياض,حي الوشام,الرياض,2023-08-14 10:00:00,2023-08-17 15:18:54,418000.0,768000.0,400.0,villa,70,7811000.0,5.993961427306569,1045.0,8,0,10,3,2023,77.315
مزاد فلل شرق الرياض,الرياض,حي السعادة,الرياض,2023-08-10 07:00:00,2023-08-14 17:01:43,1191000.0,1491000.0,749.0,villa,7,5038000.0,6.620073206530356,1590.1201602136182,8,3,7,3,2023,106.0286111111111
مزاد قمم القويعية,القويعية,حي الخالدية,المدينة المنورة,2023-08-06 12:00:00,2023-08-10 18:00:00,51900.0,51900.0,672.0,land,0,142300.0,6.511745329644728,77.23214285714286,8,6,12,3,2023,102.0
ندى الخبر,الخبر,حي الثقبة,الشرقية,2023-08-06 11:00:00,2023-08-09 16:00:00,480000.0,480000.0,325.58,building,0,6635000.0,5.788674941674164,1474.2920326801402,8,6,11,3,2023,77.0
مزاد شفا الطائف,الطائف,حي النزهة,مكة المكرمة,2023-08-07 07:00:00,2023-08-08 14:00:00,767000.0,767000.0,460.0,building,0,6063000.0,6.133398042996649,1667.391304347826,8,0,7,3,2023,31.0
لؤلؤ الاحساء,الهفوف,حي هجر,الشرقية,2023-08-05 14:00:00,2023-08-07 16:30:00,320000.0,325000.0,625.0,land,2,6420000.0,6.439350371100098,512.0,8,5,14,3,2023,50.5
واجهة شرق الرياض,الرياض,حي اشبيليا,الرياض,2023-07-23 07:00:00,2023-07-25 17:05:03,463000.0,593000.0,149.468,apartment,12,8079000.0,5.013750436996401,3097.653009339792,7,6,7,3,2023,58.08416666666667
عمارة سكنية في حي الأندلس 1,تبوك,حي النظيم,تبوك,2023-07-12 17:00:00,2023-07-15 15:00:00,900000.0,900000.0,500.0,land,0,0.0,6.2166061010848646,1800.0,7,2,17,3,2023,70.0
مزاد استثمارات تبوك,تبوك,المنشية,تبوك,2023-07-09 17:00:00,2023-07-12 15:05:38,2288000.0,5108000.0,2257.9,market,89,6808500.0,7.72263324811323,1013.3309712564773,7,6,17,3,2023,70.09388888888888
مزاد منارات الغربية,مكة المكرمة,السلولي,مكة المكرمة,2023-07-09 10:00:00,2023-07-11 15:10:00,1045000.0,1045000.0,832.31,land,0,6426000.0,6.725405721796175,1255.5418053369538,7,6,10,3,2023,53.166666666666664
مستقبل رماح,رماح,مخطط 293,الرياض,2023-07-09 07:00:00,2023-07-11 15:10:00,439000.0,439000.0,1320.0,land,0,1285000.0,7.186144304522325,332.57575757575756,7,6,7,3,2023,56.166666666666664
مزاد مخطط درة الفيصلية بريدة,بريدة,حي القاع البارد,القصيم,2023-07-04 08:30:00,2023-07-08 17:00:00,107000.0,107000.0,360.13,land,1,2165700.0,5.8892380043118715,297.1149307194624,7,1,8,3,2023,104.5
مزاد غرب الرياض ضرماء,القويعية,حي الواحة,الرياض,2023-07-04 08:00:00,2023-07-08 16:29:57,32300.0,58300.0,400.0,land,27,4371300.0,5.993961427306569,80.75,7,1,8,3,2023,104.49916666666667
عقارات الاحساء,الهفوف,حي عين موسى,الشرقية,2023-06-19 07:00:00,2023-06-22 20:25:00,143000.0,143000.0,155.44,floor,0,4526000.0,5.052672549887314,919.9691199176531,6,0,7,2,2023,85.41666666666667
مساكن الخبر,الخبر,حي الثقبة,الشرقية,2023-06-20 07:08:00,2023-06-22 13:20:00,480000.0,480000.0,325.58,building,0,1000000.0,5.788674941674164,1474.2920326801402,6,1,7,2,2023,54.2
مزاد النخيل - هـ,حريملاء,-,الرياض,2023-05-28 10:00:00,2023-06-08 19:00:00,150000.0,500000.0,639.0,land,17,69500000.0,6.461468176353717,234.7417840375587,5,6,10,2,2023,273.0
مزاد النخيل - د,حريملاء,-,الرياض,2023-05-28 10:00:00,2023-06-07 19:08:13,260000.0,910000.0,1200.0,land,76,79590121.0,7.0909098220799835,216.66666666666666,5,6,10,2,2023,249.13694444444445
مزاد النخيل - ج,حريملاء,-,الرياض,2023-05-28 10:00:00,2023-06-06 19:04:40,750000.0,1890000.0,3000.0,land,77,90680000.0,8.006700845440367,250.0,5,6,10,2,2023,225.07777777777778
مزاد النخيل - أ,حريملاء,-,الرياض,2023-05-28 10:00:00,2023-06-04 19:15:18,750000.0,1710000.0,2660.86,land,33,89530000.0,7.886780405535984,281.8637583337718,5,6,10,2,2023,177.255
مزاد نفائس حريملاء,حريملاء,حي الحزم,الرياض,2023-05-16 13:00:00,2023-05-18 15:00:00,442000.0,977000.0,1067.0,land,87,37441000.0,6.97354301952014,414.24554826616685,5,1,13,2,2023,50.0
ثمار الشرقية,حفر الباطن,حي النايفية,الشرقية,2023-05-14 11:50:00,2023-05-15 14:00:00,85000.0,87000.0,648.0,land,1,1411000.0,6.47543271670409,131.17283950617283,5,6,11,2,2023,26.166666666666668
مزاد لمار الرياض - بلك 2,الرياض,حي المونسية,الرياض,2023-04-05 14:30:00,2023-04-10 22:10:00,6900000.0,6900000.0,2701.34,land,0,0.0,7.9018733433203785,2554.2878719450346,4,2,14,2,2023,127.66666666666667
مزاد لمار الرياض - بلك 8,الرياض,حي القادسية,الرياض,2023-04-05 14:30:00,2023-04-10 21:50:00,7405000.0,7405000.0,2708.31,land,0,0.0,7.904449268908344,2734.1774021437723,4,2,14,2,2023,127.33333333333333
مزاد لمار الرياض - بلك 26,الرياض,حي المونسية,الرياض,2023-04-05 14:30:00,2023-04-10 20:55:00,4225000.0,4525000.0,1299.93,land,2,12045000.0,7.170834672299412,3250.175009423584,4,2,14,2,2023,126.41666666666667
مزاد لمار الرياض - بلك 1,الرياض,حي المونسية,الرياض,2023-04-05 14:30:00,2023-04-10 20:20:00,6455000.0,6455000.0,2520.0,land,0,6140000.0,7.83241092718792,2561.5079365079364,4,2,14,2,2023,125.83333333333333
مزاد لمار الرياض - بلك 4,الرياض,حي المونسية,الرياض,2023-04-05 14:30:00,2023-04-10 19:45:00,7770000.0,7770000.0,2992.2,land,0,8840000.0,8.004098328206203,2596.7515540405057,4,2,14,2,2023,125.25
مزاد أصول الشرقية,حفر الباطن,حي اليرموك,الشرقية,2023-02-19 12:00:00,2023-02-21 13:30:00,113000.0,115000.0,400.0,land,1,115000.0,5.993961427306569,282.5,2,6,12,1,2023,49.5
مزاد أراضي ديم الماجدية,الرياض,حي الرمال,الرياض,2022-12-18 21:43:24,2022-12-27 14:00:00,780000.0,780000.0,286.0,land,0,0.0,5.659482215759621,2727.2727272727275,12,6,21,4,2022,208.27666666666667
